<?xml version = '1.0' encoding = 'UTF-8'?>
<Diagram class="oracle.dbtools.crest.swingui.logical.DPVLogical" name="Logical" id="A2951BB0-F69E-CF3A-9B17-B08D5775F31F">
<createdBy>diego</createdBy>
<modifiedBy>diego</modifiedBy>
<createdTime>2025-09-14 00:12:44 UTC</createdTime>
<autoRoute>false</autoRoute>
<boxInbox>true</boxInbox>
<showLegend>false</showLegend>
<showLabels>true</showLabels>
<showRelAttributes>true</showRelAttributes>
<gridEnabled>false</gridEnabled>
<showGrid>false</showGrid>
<diagramColor>-1</diagramColor>
<display>false</display>
<notation>1</notation>
<objectViews>
<OView class="oracle.dbtools.crest.swingui.logical.TVEntity" oid="0F28951B-3EB0-8E0F-731B-A775E851003A" otype="Entity" vid="D1E93DE0-D717-066F-EDF5-DCC12683F2D7">
<hideElementsInCurrentOnly>false</hideElementsInCurrentOnly>
<bounds x="807" y="461" width="257" height="214"/>
</OView>
<OView class="oracle.dbtools.crest.swingui.logical.TVEntity" oid="318247C7-03C8-D991-397F-4E9344B8D78B" otype="Entity" vid="78D8C07A-035B-9B3A-FAB3-D568EC27C7D3">
<hideElementsInCurrentOnly>false</hideElementsInCurrentOnly>
<bounds x="770" y="92" width="356" height="203"/>
</OView>
<OView class="oracle.dbtools.crest.swingui.logical.TVEntity" oid="387F4A5B-3A31-7D48-A37F-177A5AD25228" otype="Entity" vid="3E1BFEFA-1733-64CB-139B-CEB1C1779970">
<hideElementsInCurrentOnly>false</hideElementsInCurrentOnly>
<bounds x="1681" y="136" width="333" height="199"/>
</OView>
<OView class="oracle.dbtools.crest.swingui.logical.TVEntity" oid="38E4E8A9-C11E-74A7-ADA3-6211C2FA0C79" otype="Entity" vid="75AEE249-DEFA-70FD-A653-4B8C5FC1E52F">
<hideElementsInCurrentOnly>false</hideElementsInCurrentOnly>
<bounds x="384" y="622" width="318" height="231"/>
</OView>
<OView class="oracle.dbtools.crest.swingui.logical.TVEntity" oid="402BB95A-23C8-0BEB-BA12-3B6E745C1A41" otype="Entity" vid="84C32160-61A4-9D1E-C4FD-4A0AD2E4E27A">
<hideElementsInCurrentOnly>false</hideElementsInCurrentOnly>
<bounds x="103" y="708" width="170" height="110"/>
</OView>
<OView class="oracle.dbtools.crest.swingui.logical.TVEntity" oid="7A2A348C-B700-1AC7-8E2D-2C7644CDE1BB" otype="Entity" vid="CEF94CF1-DB50-6323-0763-3E7E9D7A01D5">
<hideElementsInCurrentOnly>false</hideElementsInCurrentOnly>
<bounds x="2175" y="159" width="170" height="110"/>
</OView>
<OView class="oracle.dbtools.crest.swingui.logical.TVEntity" oid="9484DAF3-AD87-68E4-25BF-32C54C5913D6" otype="Entity" vid="A1548488-16C4-A138-7635-FDE185CBE7B3">
<hideElementsInCurrentOnly>false</hideElementsInCurrentOnly>
<bounds x="1335" y="441" width="170" height="110"/>
</OView>
<OView class="oracle.dbtools.crest.swingui.logical.TVEntity" oid="9A8532D3-20CC-9A61-F321-28380ADF2110" otype="Entity" vid="98A1E377-9731-185A-2DD4-C404B2AD8D40">
<hideElementsInCurrentOnly>false</hideElementsInCurrentOnly>
<bounds x="1690" y="519" width="336" height="225"/>
</OView>
<OView class="oracle.dbtools.crest.swingui.logical.TVEntity" oid="AD7C3341-FF98-2349-B201-9F89B92577B0" otype="Entity" vid="A77BF8F5-4D93-F4C5-011C-3D5408ED7D92">
<hideElementsInCurrentOnly>false</hideElementsInCurrentOnly>
<bounds x="114" y="455" width="170" height="110"/>
</OView>
<OView class="oracle.dbtools.crest.swingui.logical.TVEntity" oid="B884E654-B47B-6745-C6DA-8243F7EFB618" otype="Entity" vid="A87E9A9E-444B-D6A1-84F8-54A6C0E09E70">
<hideElementsInCurrentOnly>false</hideElementsInCurrentOnly>
<bounds x="67" y="93" width="305" height="201"/>
</OView>
<OView class="oracle.dbtools.crest.swingui.logical.TVEntity" oid="D29161DC-15D1-ABFB-5AF0-A50F4E995536" otype="Entity" vid="D2D6CA20-9BE0-9800-8E96-CB3B858F0E56">
<hideElementsInCurrentOnly>false</hideElementsInCurrentOnly>
<bounds x="473" y="404" width="170" height="110"/>
</OView>
</objectViews>
<connectors>
<Connector class="oracle.dbtools.crest.swingui.logical.TVRelation" oid="038261F0-A3A6-583F-EA0D-3BA259AC72CF" otype="Relation" vid_source="A87E9A9E-444B-D6A1-84F8-54A6C0E09E70" vid_target="A77BF8F5-4D93-F4C5-011C-3D5408ED7D92">
<hideElementsInCurrentOnly>false</hideElementsInCurrentOnly>
<backgroundColor>-16777216</backgroundColor>
<lineWidth>1</lineWidth>
<points>
<point x="199" y="294"/>
<point x="199" y="455"/>
</points>
</Connector>
<Connector class="oracle.dbtools.crest.swingui.logical.TVRelation" oid="28122169-974A-6986-2360-98A0DC7AACEC" otype="Relation" vid_source="84C32160-61A4-9D1E-C4FD-4A0AD2E4E27A" vid_target="A77BF8F5-4D93-F4C5-011C-3D5408ED7D92">
<hideElementsInCurrentOnly>false</hideElementsInCurrentOnly>
<backgroundColor>-16777216</backgroundColor>
<lineWidth>1</lineWidth>
<points>
<point x="193" y="708"/>
<point x="193" y="565"/>
</points>
</Connector>
<Connector class="oracle.dbtools.crest.swingui.logical.TVRelation" oid="5013DA3C-C5E7-F5E8-EB0C-6CA87F0ECED1" otype="Relation" vid_source="75AEE249-DEFA-70FD-A653-4B8C5FC1E52F" vid_target="D2D6CA20-9BE0-9800-8E96-CB3B858F0E56">
<hideElementsInCurrentOnly>false</hideElementsInCurrentOnly>
<backgroundColor>-16777216</backgroundColor>
<lineWidth>1</lineWidth>
<points>
<point x="558" y="622"/>
<point x="558" y="514"/>
</points>
</Connector>
<Connector class="oracle.dbtools.crest.swingui.logical.TVRelation" oid="52856655-0F19-B142-5699-078AC1275041" otype="Relation" vid_source="78D8C07A-035B-9B3A-FAB3-D568EC27C7D3" vid_target="D1E93DE0-D717-066F-EDF5-DCC12683F2D7">
<hideElementsInCurrentOnly>false</hideElementsInCurrentOnly>
<backgroundColor>-16777216</backgroundColor>
<lineWidth>1</lineWidth>
<points>
<point x="935" y="295"/>
<point x="935" y="461"/>
</points>
</Connector>
<Connector class="oracle.dbtools.crest.swingui.logical.TVRelation" oid="6E68E9D4-B739-79A7-44A3-B8B890AF20FC" otype="Relation" vid_source="3E1BFEFA-1733-64CB-139B-CEB1C1779970" vid_target="3E1BFEFA-1733-64CB-139B-CEB1C1779970">
<hideElementsInCurrentOnly>false</hideElementsInCurrentOnly>
<backgroundColor>-16777216</backgroundColor>
<lineWidth>1</lineWidth>
<points>
<point x="2014" y="253"/>
<point x="2064" y="253"/>
<point x="2064" y="385"/>
<point x="1876" y="385"/>
<point x="1876" y="335"/>
</points>
</Connector>
<Connector class="oracle.dbtools.crest.swingui.logical.TVRelation" oid="7106C592-1AFE-8F69-5C05-6F939783CC21" otype="Relation" vid_source="3E1BFEFA-1733-64CB-139B-CEB1C1779970" vid_target="78D8C07A-035B-9B3A-FAB3-D568EC27C7D3">
<hideElementsInCurrentOnly>false</hideElementsInCurrentOnly>
<backgroundColor>-16777216</backgroundColor>
<lineWidth>1</lineWidth>
<points>
<point x="1681" y="215"/>
<point x="1126" y="215"/>
</points>
</Connector>
<Connector class="oracle.dbtools.crest.swingui.logical.TVRelation" oid="A416BC51-2D36-B372-544B-489C48E89855" otype="Relation" vid_source="A1548488-16C4-A138-7635-FDE185CBE7B3" vid_target="3E1BFEFA-1733-64CB-139B-CEB1C1779970">
<hideElementsInCurrentOnly>false</hideElementsInCurrentOnly>
<backgroundColor>-16777216</backgroundColor>
<lineWidth>1</lineWidth>
<points>
<point x="1505" y="444"/>
<point x="1684" y="335"/>
</points>
</Connector>
<Connector class="oracle.dbtools.crest.swingui.logical.TVRelation" oid="A4750A91-F9F4-D6EC-B65E-25624432E19A" otype="Relation" vid_source="78D8C07A-035B-9B3A-FAB3-D568EC27C7D3" vid_target="D2D6CA20-9BE0-9800-8E96-CB3B858F0E56">
<hideElementsInCurrentOnly>false</hideElementsInCurrentOnly>
<backgroundColor>-16777216</backgroundColor>
<lineWidth>1</lineWidth>
<points>
<point x="798" y="295"/>
<point x="623" y="404"/>
</points>
</Connector>
<Connector class="oracle.dbtools.crest.swingui.logical.TVRelation" oid="AB629F5E-E1F4-F0A4-5957-805715084403" otype="Relation" vid_source="CEF94CF1-DB50-6323-0763-3E7E9D7A01D5" vid_target="3E1BFEFA-1733-64CB-139B-CEB1C1779970">
<hideElementsInCurrentOnly>false</hideElementsInCurrentOnly>
<backgroundColor>-16777216</backgroundColor>
<lineWidth>1</lineWidth>
<points>
<point x="2175" y="229"/>
<point x="2014" y="229"/>
</points>
</Connector>
<Connector class="oracle.dbtools.crest.swingui.logical.TVRelation" oid="D35320DE-1B5C-29CA-EAA4-251EA70B9CFE" otype="Relation" vid_source="A87E9A9E-444B-D6A1-84F8-54A6C0E09E70" vid_target="78D8C07A-035B-9B3A-FAB3-D568EC27C7D3">
<hideElementsInCurrentOnly>false</hideElementsInCurrentOnly>
<backgroundColor>-16777216</backgroundColor>
<lineWidth>1</lineWidth>
<points>
<point x="372" y="193"/>
<point x="770" y="193"/>
</points>
</Connector>
<Connector class="oracle.dbtools.crest.swingui.logical.TVRelation" oid="EC8ACFF4-F157-62CB-2452-5DB427593EA4" otype="Relation" vid_source="98A1E377-9731-185A-2DD4-C404B2AD8D40" vid_target="3E1BFEFA-1733-64CB-139B-CEB1C1779970">
<hideElementsInCurrentOnly>false</hideElementsInCurrentOnly>
<backgroundColor>-16777216</backgroundColor>
<lineWidth>1</lineWidth>
<points>
<point x="1852" y="519"/>
<point x="1852" y="335"/>
</points>
</Connector>
</connectors>
</Diagram>