<?xml version = '1.0' encoding = 'UTF-8'?>
<Relation class="oracle.dbtools.crest.model.design.logical.Relation" name="Relation_7" directorySegmentName="seg_0" id="038261F0-A3A6-583F-EA0D-3BA259AC72CF">
<createdBy>diego</createdBy>
<createdTime>2025-09-14 01:01:47 UTC</createdTime>
<ownerDesignName>Exp2_s5_DiegoUlloaU</ownerDesignName>
<engineerTo>
<item key="27D00ABE-7C5A-FAEB-731B-89AA13451423" value="true"/>
</engineerTo>
<sourcePk>89A91393-DEE1-AD13-3F0C-C17BB2B77A46</sourcePk>
<identifying>false</identifying>
<nameOnSource>muchas</nameOnSource>
<optionalSource>true</optionalSource>
<optionalTarget>false</optionalTarget>
<sourceCardinality>1</sourceCardinality>
<sourceEntity>B884E654-B47B-6745-C6DA-8243F7EFB618</sourceEntity>
<targetCardinalityString>*</targetCardinalityString>
<targetEntity>AD7C3341-FF98-2349-B201-9F89B92577B0</targetEntity>
<transferable>true</transferable>
<deleteRule>NO ACTION</deleteRule>
</Relation>