<?xml version = '1.0' encoding = 'UTF-8'?>
<Relation class="oracle.dbtools.crest.model.design.logical.Relation" name="Relation_8" directorySegmentName="seg_0" id="28122169-974A-6986-2360-98A0DC7AACEC">
<createdBy>diego</createdBy>
<createdTime>2025-09-14 01:02:17 UTC</createdTime>
<ownerDesignName>Exp2_s5_DiegoUlloaU</ownerDesignName>
<engineerTo>
<item key="27D00ABE-7C5A-FAEB-731B-89AA13451423" value="true"/>
</engineerTo>
<identifying>false</identifying>
<nameOnSource>tiene muchas</nameOnSource>
<optionalSource>true</optionalSource>
<optionalTarget>false</optionalTarget>
<sourceCardinality>1</sourceCardinality>
<sourceEntity>402BB95A-23C8-0BEB-BA12-3B6E745C1A41</sourceEntity>
<targetCardinalityString>*</targetCardinalityString>
<targetEntity>AD7C3341-FF98-2349-B201-9F89B92577B0</targetEntity>
<transferable>true</transferable>
<deleteRule>NO ACTION</deleteRule>
</Relation>