<?xml version = '1.0' encoding = 'UTF-8'?>
<Relation class="oracle.dbtools.crest.model.design.logical.Relation" name="Relation_9" directorySegmentName="seg_0" id="5013DA3C-C5E7-F5E8-EB0C-6CA87F0ECED1">
<createdBy>diego</createdBy>
<createdTime>2025-09-14 01:02:58 UTC</createdTime>
<ownerDesignName>Exp2_s5_DiegoUlloaU</ownerDesignName>
<engineerTo>
<item key="27D00ABE-7C5A-FAEB-731B-89AA13451423" value="true"/>
</engineerTo>
<sourcePk>8FC91010-EEA3-D3A5-BCF5-446B04D04155</sourcePk>
<identifying>false</identifying>
<optionalSource>true</optionalSource>
<optionalTarget>false</optionalTarget>
<sourceCardinality>1</sourceCardinality>
<sourceEntity>38E4E8A9-C11E-74A7-ADA3-6211C2FA0C79</sourceEntity>
<targetCardinalityString>*</targetCardinalityString>
<targetEntity>D29161DC-15D1-ABFB-5AF0-A50F4E995536</targetEntity>
<transferable>true</transferable>
<deleteRule>NO ACTION</deleteRule>
</Relation>