<?xml version = '1.0' encoding = 'UTF-8'?>
<Relation class="oracle.dbtools.crest.model.design.logical.Relation" name="Relation_3" directorySegmentName="seg_0" id="52856655-0F19-B142-5699-078AC1275041">
<createdBy>diego</createdBy>
<createdTime>2025-09-14 00:59:45 UTC</createdTime>
<ownerDesignName>Exp2_s5_DiegoUlloaU</ownerDesignName>
<engineerTo>
<item key="27D00ABE-7C5A-FAEB-731B-89AA13451423" value="true"/>
</engineerTo>
<sourcePk>869EECE8-52D1-1001-C982-219D7B1BD3CD</sourcePk>
<targetPk>A59CA1C1-E5C7-4893-4AC8-4EF416E93D9D</targetPk>
<identifying>false</identifying>
<optionalSource>false</optionalSource>
<optionalTarget>false</optionalTarget>
<sourceCardinality>1</sourceCardinality>
<sourceEntity>318247C7-03C8-D991-397F-4E9344B8D78B</sourceEntity>
<targetCardinalityString>1</targetCardinalityString>
<targetEntity>0F28951B-3EB0-8E0F-731B-A775E851003A</targetEntity>
<transferable>true</transferable>
<deleteRule>NO ACTION</deleteRule>
</Relation>