<?xml version = '1.0' encoding = 'UTF-8'?>
<Relation class="oracle.dbtools.crest.model.design.logical.Relation" name="Relation_14" directorySegmentName="seg_0" id="6E68E9D4-B739-79A7-44A3-B8B890AF20FC">
<createdBy>diego</createdBy>
<createdTime>2025-09-14 01:12:40 UTC</createdTime>
<ownerDesignName>Exp2_s5_DiegoUlloaU</ownerDesignName>
<engineerTo>
<item key="27D00ABE-7C5A-FAEB-731B-89AA13451423" value="true"/>
</engineerTo>
<targetPk>BE809617-9972-DF31-2E92-B305E4BE7540</targetPk>
<identifying>false</identifying>
<optionalSource>false</optionalSource>
<optionalTarget>false</optionalTarget>
<sourceCardinality>1</sourceCardinality>
<sourceEntity>387F4A5B-3A31-7D48-A37F-177A5AD25228</sourceEntity>
<targetCardinalityString>*</targetCardinalityString>
<targetEntity>387F4A5B-3A31-7D48-A37F-177A5AD25228</targetEntity>
<transferable>true</transferable>
<deleteRule>NO ACTION</deleteRule>
</Relation>