<?xml version = '1.0' encoding = 'UTF-8'?>
<Relation class="oracle.dbtools.crest.model.design.logical.Relation" name="Relation_2" directorySegmentName="seg_0" id="7106C592-1AFE-8F69-5C05-6F939783CC21">
<createdBy>diego</createdBy>
<createdTime>2025-09-14 00:59:00 UTC</createdTime>
<ownerDesignName>Exp2_s5_DiegoUlloaU</ownerDesignName>
<engineerTo>
<item key="27D00ABE-7C5A-FAEB-731B-89AA13451423" value="true"/>
</engineerTo>
<sourcePk>BE809617-9972-DF31-2E92-B305E4BE7540</sourcePk>
<identifying>true</identifying>
<optionalSource>true</optionalSource>
<optionalTarget>false</optionalTarget>
<sourceCardinality>1</sourceCardinality>
<sourceEntity>387F4A5B-3A31-7D48-A37F-177A5AD25228</sourceEntity>
<targetCardinalityString>*</targetCardinalityString>
<targetEntity>318247C7-03C8-D991-397F-4E9344B8D78B</targetEntity>
<transferable>true</transferable>
<deleteRule>NO ACTION</deleteRule>
</Relation>