<?xml version = '1.0' encoding = 'UTF-8'?>
<Relation class="oracle.dbtools.crest.model.design.logical.Relation" name="Relation_6" directorySegmentName="seg_0" id="A416BC51-2D36-B372-544B-489C48E89855">
<createdBy>diego</createdBy>
<createdTime>2025-09-14 01:01:19 UTC</createdTime>
<ownerDesignName>Exp2_s5_DiegoUlloaU</ownerDesignName>
<engineerTo>
<item key="27D00ABE-7C5A-FAEB-731B-89AA13451423" value="true"/>
</engineerTo>
<sourcePk>650518BE-2C3A-5552-068F-4C39A5FDD7EB</sourcePk>
<identifying>false</identifying>
<optionalSource>true</optionalSource>
<optionalTarget>false</optionalTarget>
<sourceCardinality>1</sourceCardinality>
<sourceEntity>9484DAF3-AD87-68E4-25BF-32C54C5913D6</sourceEntity>
<targetCardinalityString>*</targetCardinalityString>
<targetEntity>387F4A5B-3A31-7D48-A37F-177A5AD25228</targetEntity>
<transferable>true</transferable>
<deleteRule>NO ACTION</deleteRule>
</Relation>