<?xml version = '1.0' encoding = 'UTF-8'?>
<Relation class="oracle.dbtools.crest.model.design.logical.Relation" name="Relation_12" directorySegmentName="seg_0" id="A4750A91-F9F4-D6EC-B65E-25624432E19A">
<createdBy>diego</createdBy>
<createdTime>2025-09-14 01:08:00 UTC</createdTime>
<ownerDesignName>Exp2_s5_DiegoUlloaU</ownerDesignName>
<engineerTo>
<item key="27D00ABE-7C5A-FAEB-731B-89AA13451423" value="true"/>
</engineerTo>
<sourcePk>869EECE8-52D1-1001-C982-219D7B1BD3CD</sourcePk>
<identifying>false</identifying>
<optionalSource>true</optionalSource>
<optionalTarget>false</optionalTarget>
<sourceCardinality>1</sourceCardinality>
<sourceEntity>318247C7-03C8-D991-397F-4E9344B8D78B</sourceEntity>
<targetCardinalityString>*</targetCardinalityString>
<targetEntity>D29161DC-15D1-ABFB-5AF0-A50F4E995536</targetEntity>
<transferable>true</transferable>
<deleteRule>NO ACTION</deleteRule>
</Relation>