<?xml version = '1.0' encoding = 'UTF-8'?>
<Relation class="oracle.dbtools.crest.model.design.logical.Relation" name="Relation_13" directorySegmentName="seg_0" id="AB629F5E-E1F4-F0A4-5957-805715084403">
<createdBy>diego</createdBy>
<createdTime>2025-09-14 01:10:14 UTC</createdTime>
<ownerDesignName>Exp2_s5_DiegoUlloaU</ownerDesignName>
<engineerTo>
<item key="27D00ABE-7C5A-FAEB-731B-89AA13451423" value="true"/>
</engineerTo>
<sourcePk>4C903EE8-4B51-67FE-F016-469968443DA9</sourcePk>
<identifying>false</identifying>
<optionalSource>true</optionalSource>
<optionalTarget>false</optionalTarget>
<sourceCardinality>1</sourceCardinality>
<sourceEntity>7A2A348C-B700-1AC7-8E2D-2C7644CDE1BB</sourceEntity>
<targetCardinalityString>*</targetCardinalityString>
<targetEntity>387F4A5B-3A31-7D48-A37F-177A5AD25228</targetEntity>
<transferable>true</transferable>
<deleteRule>NO ACTION</deleteRule>
</Relation>