<?xml version = '1.0' encoding = 'UTF-8'?>
<Relation class="oracle.dbtools.crest.model.design.logical.Relation" name="Relation_1" directorySegmentName="seg_0" id="D35320DE-1B5C-29CA-EAA4-251EA70B9CFE">
<createdBy>diego</createdBy>
<createdTime>2025-09-14 00:58:33 UTC</createdTime>
<ownerDesignName>Exp2_s5_DiegoUlloaU</ownerDesignName>
<engineerTo>
<item key="27D00ABE-7C5A-FAEB-731B-89AA13451423" value="true"/>
</engineerTo>
<sourcePk>89A91393-DEE1-AD13-3F0C-C17BB2B77A46</sourcePk>
<identifying>false</identifying>
<optionalSource>true</optionalSource>
<optionalTarget>false</optionalTarget>
<sourceCardinality>1</sourceCardinality>
<sourceEntity>B884E654-B47B-6745-C6DA-8243F7EFB618</sourceEntity>
<targetCardinalityString>*</targetCardinalityString>
<targetEntity>318247C7-03C8-D991-397F-4E9344B8D78B</targetEntity>
<transferable>true</transferable>
<deleteRule>NO ACTION</deleteRule>
</Relation>