<?xml version = '1.0' encoding = 'UTF-8'?>
<Relation class="oracle.dbtools.crest.model.design.logical.Relation" name="Relation_4" directorySegmentName="seg_0" id="EC8ACFF4-F157-62CB-2452-5DB427593EA4">
<createdBy>diego</createdBy>
<createdTime>2025-09-14 01:00:16 UTC</createdTime>
<ownerDesignName>Exp2_s5_DiegoUlloaU</ownerDesignName>
<engineerTo>
<item key="27D00ABE-7C5A-FAEB-731B-89AA13451423" value="true"/>
</engineerTo>
<sourcePk>22DAD6C8-B7C2-E222-AA1B-15E5AA423C15</sourcePk>
<identifying>false</identifying>
<optionalSource>true</optionalSource>
<optionalTarget>false</optionalTarget>
<sourceCardinality>1</sourceCardinality>
<sourceEntity>9A8532D3-20CC-9A61-F321-28380ADF2110</sourceEntity>
<targetCardinalityString>*</targetCardinalityString>
<targetEntity>387F4A5B-3A31-7D48-A37F-177A5AD25228</targetEntity>
<transferable>true</transferable>
<deleteRule>NO ACTION</deleteRule>
</Relation>