<?xml version = '1.0' encoding = 'UTF-8'?>
<relationalModel class="oracle.dbtools.crest.model.design.relational.RelationalDesign" name="Relational_1" id="27D00ABE-7C5A-FAEB-731B-89AA13451423" mainViewID="562BD6DB-F898-C576-07FA-B6768CC99516">
<createdBy>diego</createdBy>
<createdTime>2025-09-14 00:12:14 UTC</createdTime>
<ownerDesignName>Exp2_s5_DiegoUlloaU</ownerDesignName>
<shouldBeOpen>false</shouldBeOpen>
<selectedRDBMSSite>32076570-2523-435C-2E92-BF29817DFF70</selectedRDBMSSite>
</relationalModel>