<?xml version = '1.0' encoding = 'UTF-8'?>
<Diagram class="oracle.dbtools.crest.swingui.relational.DPVRelational" name="Relational_1" id="562BD6DB-F898-C576-07FA-B6768CC99516">
<createdBy>diego</createdBy>
<modifiedBy>diego</modifiedBy>
<createdTime>2025-09-14 00:12:32 UTC</createdTime>
<autoRoute>false</autoRoute>
<boxInbox>true</boxInbox>
<showLegend>false</showLegend>
<showLabels>false</showLabels>
<showRelAttributes>false</showRelAttributes>
<gridEnabled>false</gridEnabled>
<showGrid>false</showGrid>
<diagramColor>-1</diagramColor>
<display>false</display>
<notation>1</notation>
<objectViews>
<OView class="oracle.dbtools.crest.swingui.relational.TVTable" oid="0AC3ECF6-F145-4779-6AC0-7F80141E87FC" otype="Table" vid="EF178875-CF57-A49C-791D-F1C5DCA0817D">
<hideElementsInCurrentOnly>false</hideElementsInCurrentOnly>
<bounds x="1681" y="136" width="333" height="199"/>
</OView>
<OView class="oracle.dbtools.crest.swingui.relational.TVTable" oid="1769C6A1-EC0D-1769-A6A7-4816C6BCBEDA" otype="Table" vid="EA398D85-CD80-90E8-D439-4202481D112A">
<hideElementsInCurrentOnly>false</hideElementsInCurrentOnly>
<bounds x="1690" y="519" width="336" height="225"/>
</OView>
<OView class="oracle.dbtools.crest.swingui.relational.TVTable" oid="2B87056E-1530-AC1C-C6F6-024F6AB302EC" otype="Table" vid="8354EF77-8D7C-2455-2237-1146B5F4E0BF">
<hideElementsInCurrentOnly>false</hideElementsInCurrentOnly>
<bounds x="2175" y="159" width="170" height="110"/>
</OView>
<OView class="oracle.dbtools.crest.swingui.relational.TVTable" oid="4DD03E38-6D00-494B-544E-D7541583D92B" otype="Table" vid="7C7BFC58-E417-271C-346D-328EAE2B407D">
<hideElementsInCurrentOnly>false</hideElementsInCurrentOnly>
<bounds x="412" y="381" width="327" height="200"/>
</OView>
<OView class="oracle.dbtools.crest.swingui.relational.TVTable" oid="5EC4D3DB-4510-3FB4-9E05-F1598ECF2360" otype="Table" vid="B7427A6F-FD0E-21BC-4D22-37EE1805241C">
<hideElementsInCurrentOnly>false</hideElementsInCurrentOnly>
<bounds x="103" y="708" width="170" height="110"/>
</OView>
<OView class="oracle.dbtools.crest.swingui.relational.TVTable" oid="793C26D8-5F60-C64D-DA63-C343FA13BEED" otype="Table" vid="05FD19C2-B7FD-9995-A7B9-A256FCC40B9E">
<hideElementsInCurrentOnly>false</hideElementsInCurrentOnly>
<bounds x="114" y="455" width="170" height="110"/>
</OView>
<OView class="oracle.dbtools.crest.swingui.relational.TVTable" oid="8B5924AF-3F22-8E09-7BFC-FF5460AC32CE" otype="Table" vid="ADC02D7F-F337-386E-2D45-B6074DDE60E1">
<hideElementsInCurrentOnly>false</hideElementsInCurrentOnly>
<bounds x="380" y="854" width="318" height="231"/>
</OView>
<OView class="oracle.dbtools.crest.swingui.relational.TVTable" oid="C9682E38-85C9-1F59-82DA-B5B35FAA63FE" otype="Table" vid="A29F80CA-D777-8E90-08DA-31313A7FBBE7">
<hideElementsInCurrentOnly>false</hideElementsInCurrentOnly>
<bounds x="807" y="461" width="396" height="214"/>
</OView>
<OView class="oracle.dbtools.crest.swingui.relational.TVTable" oid="E60055F7-4A8D-EBFE-0C18-2B8214F60097" otype="Table" vid="E3787EDF-C8BF-78D8-81DC-B31E5AB05B76">
<hideElementsInCurrentOnly>false</hideElementsInCurrentOnly>
<bounds x="67" y="93" width="305" height="201"/>
</OView>
<OView class="oracle.dbtools.crest.swingui.relational.TVTable" oid="EB7583C9-C3C6-C54A-623F-F37A8AECA6F6" otype="Table" vid="46124C8A-6630-B9FA-4095-A151416E5872">
<hideElementsInCurrentOnly>false</hideElementsInCurrentOnly>
<bounds x="1335" y="441" width="170" height="110"/>
</OView>
<OView class="oracle.dbtools.crest.swingui.relational.TVTable" oid="ED3A24A4-C07A-995B-D095-E00E1E376B3F" otype="Table" vid="C0D85CDC-2BC8-3367-FC54-261F14FC507C">
<hideElementsInCurrentOnly>false</hideElementsInCurrentOnly>
<bounds x="770" y="92" width="356" height="203"/>
</OView>
</objectViews>
<connectors>
<Connector class="oracle.dbtools.crest.swingui.relational.TVFKRelation" oid="0EECF870-BCFE-837F-0918-690A1795B116" otype="FKIndexAssociation" vid_source="EA398D85-CD80-90E8-D439-4202481D112A" vid_target="EF178875-CF57-A49C-791D-F1C5DCA0817D">
<hideElementsInCurrentOnly>false</hideElementsInCurrentOnly>
<backgroundColor>-16777216</backgroundColor>
<lineWidth>1</lineWidth>
<points>
<point x="1852" y="519"/>
<point x="1852" y="335"/>
</points>
</Connector>
<Connector class="oracle.dbtools.crest.swingui.relational.TVFKRelation" oid="11A70C55-5800-DD3B-1296-9EDDF96A3E44" otype="FKIndexAssociation" vid_source="EF178875-CF57-A49C-791D-F1C5DCA0817D" vid_target="EF178875-CF57-A49C-791D-F1C5DCA0817D">
<hideElementsInCurrentOnly>false</hideElementsInCurrentOnly>
<backgroundColor>-16777216</backgroundColor>
<lineWidth>1</lineWidth>
<points>
<point x="2014" y="253"/>
<point x="2064" y="253"/>
<point x="2064" y="385"/>
<point x="1876" y="385"/>
<point x="1876" y="335"/>
</points>
</Connector>
<Connector class="oracle.dbtools.crest.swingui.relational.TVFKRelation" oid="25A84FC5-C52D-E587-9457-AA85911CE7B4" otype="FKIndexAssociation" vid_source="E3787EDF-C8BF-78D8-81DC-B31E5AB05B76" vid_target="05FD19C2-B7FD-9995-A7B9-A256FCC40B9E">
<hideElementsInCurrentOnly>false</hideElementsInCurrentOnly>
<backgroundColor>-16777216</backgroundColor>
<lineWidth>1</lineWidth>
<points>
<point x="234" y="294"/>
<point x="234" y="455"/>
</points>
</Connector>
<Connector class="oracle.dbtools.crest.swingui.relational.TVFKRelation" oid="47B03EE6-F01F-106F-1C7B-2D63D4BEC4A6" otype="FKIndexAssociation" vid_source="B7427A6F-FD0E-21BC-4D22-37EE1805241C" vid_target="05FD19C2-B7FD-9995-A7B9-A256FCC40B9E">
<hideElementsInCurrentOnly>false</hideElementsInCurrentOnly>
<backgroundColor>-16777216</backgroundColor>
<lineWidth>1</lineWidth>
<points>
<point x="208" y="708"/>
<point x="208" y="565"/>
</points>
</Connector>
<Connector class="oracle.dbtools.crest.swingui.relational.TVFKRelation" oid="53EFA8AF-52F4-5ABD-6BF3-3F2DAA7404D3" otype="FKIndexAssociation" vid_source="E3787EDF-C8BF-78D8-81DC-B31E5AB05B76" vid_target="C0D85CDC-2BC8-3367-FC54-261F14FC507C">
<hideElementsInCurrentOnly>false</hideElementsInCurrentOnly>
<backgroundColor>-16777216</backgroundColor>
<lineWidth>1</lineWidth>
<points>
<point x="372" y="193"/>
<point x="770" y="193"/>
</points>
</Connector>
<Connector class="oracle.dbtools.crest.swingui.relational.TVFKRelation" oid="5460D910-1315-6BF3-40E1-5D0290594C87" otype="FKIndexAssociation" vid_source="ADC02D7F-F337-386E-2D45-B6074DDE60E1" vid_target="7C7BFC58-E417-271C-346D-328EAE2B407D">
<hideElementsInCurrentOnly>false</hideElementsInCurrentOnly>
<backgroundColor>-16777216</backgroundColor>
<lineWidth>1</lineWidth>
<points>
<point x="555" y="854"/>
<point x="555" y="581"/>
</points>
</Connector>
<Connector class="oracle.dbtools.crest.swingui.relational.TVFKRelation" oid="978E00F2-D7DC-2088-4787-0B83CF87B94F" otype="FKIndexAssociation" vid_source="8354EF77-8D7C-2455-2237-1146B5F4E0BF" vid_target="EF178875-CF57-A49C-791D-F1C5DCA0817D">
<hideElementsInCurrentOnly>false</hideElementsInCurrentOnly>
<backgroundColor>-16777216</backgroundColor>
<lineWidth>1</lineWidth>
<points>
<point x="2175" y="229"/>
<point x="2014" y="229"/>
</points>
</Connector>
<Connector class="oracle.dbtools.crest.swingui.relational.TVFKRelation" oid="9E8225E2-BF9B-10FA-87ED-A7F784D3F574" otype="FKIndexAssociation" vid_source="C0D85CDC-2BC8-3367-FC54-261F14FC507C" vid_target="A29F80CA-D777-8E90-08DA-31313A7FBBE7">
<hideElementsInCurrentOnly>false</hideElementsInCurrentOnly>
<backgroundColor>-16777216</backgroundColor>
<lineWidth>1</lineWidth>
<points>
<point x="966" y="295"/>
<point x="966" y="461"/>
</points>
</Connector>
<Connector class="oracle.dbtools.crest.swingui.relational.TVFKRelation" oid="A48F1A65-D429-E651-17ED-594327AA812A" otype="FKIndexAssociation" vid_source="C0D85CDC-2BC8-3367-FC54-261F14FC507C" vid_target="7C7BFC58-E417-271C-346D-328EAE2B407D">
<hideElementsInCurrentOnly>false</hideElementsInCurrentOnly>
<backgroundColor>-16777216</backgroundColor>
<lineWidth>1</lineWidth>
<points>
<point x="816" y="295"/>
<point x="705" y="381"/>
</points>
</Connector>
<Connector class="oracle.dbtools.crest.swingui.relational.TVFKRelation" oid="B7E8B754-E432-5731-D43E-F2805BD5BFCF" otype="FKIndexAssociation" vid_source="EF178875-CF57-A49C-791D-F1C5DCA0817D" vid_target="C0D85CDC-2BC8-3367-FC54-261F14FC507C">
<hideElementsInCurrentOnly>false</hideElementsInCurrentOnly>
<backgroundColor>-16777216</backgroundColor>
<lineWidth>1</lineWidth>
<points>
<point x="1681" y="215"/>
<point x="1126" y="215"/>
</points>
</Connector>
<Connector class="oracle.dbtools.crest.swingui.relational.TVFKRelation" oid="BD3E74E5-953E-223F-60B6-3918D65E7A91" otype="FKIndexAssociation" vid_source="46124C8A-6630-B9FA-4095-A151416E5872" vid_target="EF178875-CF57-A49C-791D-F1C5DCA0817D">
<hideElementsInCurrentOnly>false</hideElementsInCurrentOnly>
<backgroundColor>-16777216</backgroundColor>
<lineWidth>1</lineWidth>
<points>
<point x="1505" y="441"/>
<point x="1705" y="335"/>
</points>
</Connector>
<Connector class="oracle.dbtools.crest.swingui.relational.TVFKRelation" oid="F4A0392E-0C42-0B7C-5DA1-0270AC9C18B5" otype="FKIndexAssociation" vid_source="A29F80CA-D777-8E90-08DA-31313A7FBBE7" vid_target="C0D85CDC-2BC8-3367-FC54-261F14FC507C">
<hideElementsInCurrentOnly>false</hideElementsInCurrentOnly>
<backgroundColor>-16777216</backgroundColor>
<lineWidth>1</lineWidth>
<points>
<point x="981" y="461"/>
<point x="981" y="295"/>
</points>
</Connector>
</connectors>
</Diagram>