<?xml version = '1.0' encoding = 'UTF-8'?>
<FKIndexAssociation class="oracle.dbtools.crest.model.design.relational.FKIndexAssociation" directorySegmentName="seg_0" id="0EECF870-BCFE-837F-0918-690A1795B116" containerWithKeyObject="0AC3ECF6-F145-4779-6AC0-7F80141E87FC" localFKIndex="EC72307C-1D58-AE15-3346-7AA612A3F44C" name="MEDICO_ESPECIALIDAD_FK">
<createdBy>diego</createdBy>
<createdTime>2025-09-14 01:18:45 UTC</createdTime>
<generatorID>EC8ACFF4-F157-62CB-2452-5DB427593EA4</generatorID>
<ownerDesignName>Exp2_s5_DiegoUlloaU</ownerDesignName>
<referredTableLongName>ESPECIALIDAD</referredTableLongName>
<deleteRule>NO ACTION</deleteRule>
<referredTableID>1769C6A1-EC0D-1769-A6A7-4816C6BCBEDA</referredTableID>
<keyObject>AB9FF007-B423-65D1-5AEF-41E38E010B8D</keyObject>
<referredKeyID>AB9FF007-B423-65D1-5AEF-41E38E010B8D</referredKeyID>
<mandatory>true</mandatory>
<refColNames>id_especialidad</refColNames>
<transferable>true</transferable>
<rely>false</rely>
<columnDependencyConstraintGenerateInDDL>true</columnDependencyConstraintGenerateInDDL>
</FKIndexAssociation>