<?xml version = '1.0' encoding = 'UTF-8'?>
<FKIndexAssociation class="oracle.dbtools.crest.model.design.relational.FKIndexAssociation" directorySegmentName="seg_0" id="11A70C55-5800-DD3B-1296-9EDDF96A3E44" containerWithKeyObject="0AC3ECF6-F145-4779-6AC0-7F80141E87FC" localFKIndex="75BFB9BC-6E23-875C-5870-6C0B48E801AE" name="MEDICO_MEDICO_FK">
<createdBy>diego</createdBy>
<createdTime>2025-09-14 01:18:45 UTC</createdTime>
<generatorID>6E68E9D4-B739-79A7-44A3-B8B890AF20FC</generatorID>
<ownerDesignName>Exp2_s5_DiegoUlloaU</ownerDesignName>
<referredTableLongName>MEDICO</referredTableLongName>
<deleteRule>NO ACTION</deleteRule>
<referredTableID>0AC3ECF6-F145-4779-6AC0-7F80141E87FC</referredTableID>
<keyObject>F3B178A2-7818-931D-3655-9C26278D63A4</keyObject>
<referredKeyID>F3B178A2-7818-931D-3655-9C26278D63A4</referredKeyID>
<mandatory>true</mandatory>
<refColNames>rut_medico</refColNames>
<transferable>true</transferable>
<rely>false</rely>
<columnDependencyConstraintGenerateInDDL>true</columnDependencyConstraintGenerateInDDL>
</FKIndexAssociation>