<?xml version = '1.0' encoding = 'UTF-8'?>
<FKIndexAssociation class="oracle.dbtools.crest.model.design.relational.FKIndexAssociation" directorySegmentName="seg_0" id="25A84FC5-C52D-E587-9457-AA85911CE7B4" containerWithKeyObject="793C26D8-5F60-C64D-DA63-C343FA13BEED" localFKIndex="72F4186F-266B-661F-662F-B6DCF90348D0" name="COMUNA_PACIENTE_FK">
<createdBy>diego</createdBy>
<createdTime>2025-09-14 01:18:45 UTC</createdTime>
<generatorID>038261F0-A3A6-583F-EA0D-3BA259AC72CF</generatorID>
<ownerDesignName>Exp2_s5_DiegoUlloaU</ownerDesignName>
<referredTableLongName>PACIENTE</referredTableLongName>
<deleteRule>NO ACTION</deleteRule>
<referredTableID>E60055F7-4A8D-EBFE-0C18-2B8214F60097</referredTableID>
<keyObject>E8A293BF-27DC-F4FA-F656-561A06045C93</keyObject>
<referredKeyID>E8A293BF-27DC-F4FA-F656-561A06045C93</referredKeyID>
<mandatory>true</mandatory>
<refColNames>RUT</refColNames>
<transferable>true</transferable>
<rely>false</rely>
<columnDependencyConstraintGenerateInDDL>true</columnDependencyConstraintGenerateInDDL>
</FKIndexAssociation>