<?xml version = '1.0' encoding = 'UTF-8'?>
<FKIndexAssociation class="oracle.dbtools.crest.model.design.relational.FKIndexAssociation" directorySegmentName="seg_0" id="47B03EE6-F01F-106F-1C7B-2D63D4BEC4A6" containerWithKeyObject="793C26D8-5F60-C64D-DA63-C343FA13BEED" localFKIndex="C2E4A268-3921-083A-A900-91FB10481961" name="COMUNA_REGION_FK">
<createdBy>diego</createdBy>
<createdTime>2025-09-14 01:18:45 UTC</createdTime>
<generatorID>28122169-974A-6986-2360-98A0DC7AACEC</generatorID>
<ownerDesignName>Exp2_s5_DiegoUlloaU</ownerDesignName>
<referredTableLongName>REGION</referredTableLongName>
<deleteRule>NO ACTION</deleteRule>
<referredTableID>5EC4D3DB-4510-3FB4-9E05-F1598ECF2360</referredTableID>
<keyObject>917C0DFE-0D42-9861-68FB-DD65BEBF6511</keyObject>
<referredKeyID>917C0DFE-0D42-9861-68FB-DD65BEBF6511</referredKeyID>
<mandatory>true</mandatory>
<refColNames>REGION_ID</refColNames>
<transferable>true</transferable>
<rely>false</rely>
<columnDependencyConstraintGenerateInDDL>true</columnDependencyConstraintGenerateInDDL>
</FKIndexAssociation>