<?xml version = '1.0' encoding = 'UTF-8'?>
<FKIndexAssociation class="oracle.dbtools.crest.model.design.relational.FKIndexAssociation" directorySegmentName="seg_0" id="53EFA8AF-52F4-5ABD-6BF3-3F2DAA7404D3" containerWithKeyObject="ED3A24A4-C07A-995B-D095-E00E1E376B3F" localFKIndex="FE94D110-D85D-219B-3794-2799804F9898" name="ATENCION_MED_PACIENTE_FK">
<createdBy>diego</createdBy>
<createdTime>2025-09-14 01:18:45 UTC</createdTime>
<generatorID>D35320DE-1B5C-29CA-EAA4-251EA70B9CFE</generatorID>
<ownerDesignName>Exp2_s5_DiegoUlloaU</ownerDesignName>
<referredTableLongName>PACIENTE</referredTableLongName>
<deleteRule>NO ACTION</deleteRule>
<referredTableID>E60055F7-4A8D-EBFE-0C18-2B8214F60097</referredTableID>
<keyObject>E8A293BF-27DC-F4FA-F656-561A06045C93</keyObject>
<referredKeyID>E8A293BF-27DC-F4FA-F656-561A06045C93</referredKeyID>
<mandatory>true</mandatory>
<refColNames>RUT</refColNames>
<transferable>true</transferable>
<rely>false</rely>
<columnDependencyConstraintGenerateInDDL>true</columnDependencyConstraintGenerateInDDL>
</FKIndexAssociation>