<?xml version = '1.0' encoding = 'UTF-8'?>
<FKIndexAssociation class="oracle.dbtools.crest.model.design.relational.FKIndexAssociation" directorySegmentName="seg_0" id="5460D910-1315-6BF3-40E1-5D0290594C87" containerWithKeyObject="4DD03E38-6D00-494B-544E-D7541583D92B" localFKIndex="F0C8BD9A-E05F-C1F5-ADAD-5032D5B4F019" name="SOLICITUD_EXAM_EXAM_LAB_FK">
<createdBy>diego</createdBy>
<createdTime>2025-09-14 01:18:45 UTC</createdTime>
<generatorID>5013DA3C-C5E7-F5E8-EB0C-6CA87F0ECED1</generatorID>
<ownerDesignName>Exp2_s5_DiegoUlloaU</ownerDesignName>
<referredTableLongName>EXAMEN_LABORATORIO</referredTableLongName>
<deleteRule>NO ACTION</deleteRule>
<referredTableID>8B5924AF-3F22-8E09-7BFC-FF5460AC32CE</referredTableID>
<keyObject>6D63158C-D1A7-2456-930B-3CBCCC333E85</keyObject>
<referredKeyID>6D63158C-D1A7-2456-930B-3CBCCC333E85</referredKeyID>
<mandatory>true</mandatory>
<refColNames>id_examen</refColNames>
<transferable>true</transferable>
<rely>false</rely>
<columnDependencyConstraintGenerateInDDL>true</columnDependencyConstraintGenerateInDDL>
</FKIndexAssociation>