<?xml version = '1.0' encoding = 'UTF-8'?>
<FKIndexAssociation class="oracle.dbtools.crest.model.design.relational.FKIndexAssociation" directorySegmentName="seg_0" id="978E00F2-D7DC-2088-4787-0B83CF87B94F" containerWithKeyObject="0AC3ECF6-F145-4779-6AC0-7F80141E87FC" localFKIndex="6C1BC860-0052-D736-053D-9C07AE3BFCA0" name="MEDICO_AFP_FK">
<createdBy>diego</createdBy>
<createdTime>2025-09-14 01:18:45 UTC</createdTime>
<generatorID>AB629F5E-E1F4-F0A4-5957-805715084403</generatorID>
<ownerDesignName>Exp2_s5_DiegoUlloaU</ownerDesignName>
<referredTableLongName>AFP</referredTableLongName>
<deleteRule>NO ACTION</deleteRule>
<referredTableID>2B87056E-1530-AC1C-C6F6-024F6AB302EC</referredTableID>
<keyObject>09E88531-50A6-0A59-59EC-945F0DADB19B</keyObject>
<referredKeyID>09E88531-50A6-0A59-59EC-945F0DADB19B</referredKeyID>
<mandatory>true</mandatory>
<refColNames>id_afp</refColNames>
<transferable>true</transferable>
<rely>false</rely>
<columnDependencyConstraintGenerateInDDL>true</columnDependencyConstraintGenerateInDDL>
</FKIndexAssociation>