<?xml version = '1.0' encoding = 'UTF-8'?>
<FKIndexAssociation class="oracle.dbtools.crest.model.design.relational.FKIndexAssociation" directorySegmentName="seg_0" id="9E8225E2-BF9B-10FA-87ED-A7F784D3F574" containerWithKeyObject="C9682E38-85C9-1F59-82DA-B5B35FAA63FE" localFKIndex="CF7DF9F4-96E2-2EDA-47D7-3EED4F4DA579" name="PAGO_ATEN_ATEN_MED_FK">
<createdBy>diego</createdBy>
<createdTime>2025-09-14 01:18:45 UTC</createdTime>
<generatorID>52856655-0F19-B142-5699-078AC1275041</generatorID>
<ownerDesignName>Exp2_s5_DiegoUlloaU</ownerDesignName>
<referredTableLongName>ATENCION_MEDICA</referredTableLongName>
<deleteRule>NO ACTION</deleteRule>
<referredTableID>ED3A24A4-C07A-995B-D095-E00E1E376B3F</referredTableID>
<keyObject>E3D9FA4B-A991-D2F8-C012-965E5E9B724C</keyObject>
<referredKeyID>E3D9FA4B-A991-D2F8-C012-965E5E9B724C</referredKeyID>
<mandatory>true</mandatory>
<refColNames>id_atencion,MEDICO_rut_medico</refColNames>
<transferable>true</transferable>
<rely>false</rely>
<columnDependencyConstraintGenerateInDDL>true</columnDependencyConstraintGenerateInDDL>
</FKIndexAssociation>