<?xml version = '1.0' encoding = 'UTF-8'?>
<FKIndexAssociation class="oracle.dbtools.crest.model.design.relational.FKIndexAssociation" directorySegmentName="seg_0" id="A48F1A65-D429-E651-17ED-594327AA812A" containerWithKeyObject="4DD03E38-6D00-494B-544E-D7541583D92B" localFKIndex="FBF0CF98-4118-46C5-A890-B5E6C7D86054" name="SOLIC_EXAM_ATEN_MED_FK">
<createdBy>diego</createdBy>
<createdTime>2025-09-14 01:18:45 UTC</createdTime>
<generatorID>A4750A91-F9F4-D6EC-B65E-25624432E19A</generatorID>
<ownerDesignName>Exp2_s5_DiegoUlloaU</ownerDesignName>
<referredTableLongName>ATENCION_MEDICA</referredTableLongName>
<deleteRule>NO ACTION</deleteRule>
<referredTableID>ED3A24A4-C07A-995B-D095-E00E1E376B3F</referredTableID>
<keyObject>E3D9FA4B-A991-D2F8-C012-965E5E9B724C</keyObject>
<referredKeyID>E3D9FA4B-A991-D2F8-C012-965E5E9B724C</referredKeyID>
<mandatory>true</mandatory>
<refColNames>id_atencion,MEDICO_rut_medico</refColNames>
<transferable>true</transferable>
<rely>false</rely>
<columnDependencyConstraintGenerateInDDL>true</columnDependencyConstraintGenerateInDDL>
</FKIndexAssociation>