<?xml version = '1.0' encoding = 'UTF-8'?>
<FKIndexAssociation class="oracle.dbtools.crest.model.design.relational.FKIndexAssociation" directorySegmentName="seg_0" id="B7E8B754-E432-5731-D43E-F2805BD5BFCF" containerWithKeyObject="ED3A24A4-C07A-995B-D095-E00E1E376B3F" localFKIndex="453F52C6-8305-66CA-ADBD-8A771B546DA4" name="ATENCION_MED_MEDICO_FK">
<createdBy>diego</createdBy>
<createdTime>2025-09-14 01:18:45 UTC</createdTime>
<generatorID>7106C592-1AFE-8F69-5C05-6F939783CC21</generatorID>
<ownerDesignName>Exp2_s5_DiegoUlloaU</ownerDesignName>
<referredTableLongName>MEDICO</referredTableLongName>
<deleteRule>NO ACTION</deleteRule>
<referredTableID>0AC3ECF6-F145-4779-6AC0-7F80141E87FC</referredTableID>
<keyObject>F3B178A2-7818-931D-3655-9C26278D63A4</keyObject>
<referredKeyID>F3B178A2-7818-931D-3655-9C26278D63A4</referredKeyID>
<mandatory>true</mandatory>
<refColNames>rut_medico</refColNames>
<transferable>true</transferable>
<rely>false</rely>
<columnDependencyConstraintGenerateInDDL>true</columnDependencyConstraintGenerateInDDL>
</FKIndexAssociation>