<?xml version = '1.0' encoding = 'UTF-8'?>
<FKIndexAssociation class="oracle.dbtools.crest.model.design.relational.FKIndexAssociation" directorySegmentName="seg_0" id="BD3E74E5-953E-223F-60B6-3918D65E7A91" containerWithKeyObject="0AC3ECF6-F145-4779-6AC0-7F80141E87FC" localFKIndex="9ECA0544-B4FD-5D88-74E6-E763BA400D0A" name="MEDICO_INSTITUCION_SALUD_FK">
<createdBy>diego</createdBy>
<createdTime>2025-09-14 01:18:45 UTC</createdTime>
<generatorID>A416BC51-2D36-B372-544B-489C48E89855</generatorID>
<ownerDesignName>Exp2_s5_DiegoUlloaU</ownerDesignName>
<referredTableLongName>INSTITUCION_SALUD</referredTableLongName>
<deleteRule>NO ACTION</deleteRule>
<referredTableID>EB7583C9-C3C6-C54A-623F-F37A8AECA6F6</referredTableID>
<keyObject>5A830216-913F-ED01-7A7A-7C463EBA0A88</keyObject>
<referredKeyID>5A830216-913F-ED01-7A7A-7C463EBA0A88</referredKeyID>
<mandatory>true</mandatory>
<refColNames>id_institucion_salud</refColNames>
<transferable>true</transferable>
<rely>false</rely>
<columnDependencyConstraintGenerateInDDL>true</columnDependencyConstraintGenerateInDDL>
</FKIndexAssociation>