<?xml version = '1.0' encoding = 'UTF-8'?>
<FKIndexAssociation class="oracle.dbtools.crest.model.design.relational.FKIndexAssociation" directorySegmentName="seg_0" id="F4A0392E-0C42-0B7C-5DA1-0270AC9C18B5" containerWithKeyObject="ED3A24A4-C07A-995B-D095-E00E1E376B3F" localFKIndex="F82BDE73-20EA-596D-E1A9-5A7CB4BCB081" name="ATEN_MED_PAGO_ATENCION_FK">
<createdBy>diego</createdBy>
<createdTime>2025-09-14 01:18:45 UTC</createdTime>
<generatorID>52856655-0F19-B142-5699-078AC1275041</generatorID>
<ownerDesignName>Exp2_s5_DiegoUlloaU</ownerDesignName>
<referredTableLongName>PAGO_ATENCION</referredTableLongName>
<deleteRule>NO ACTION</deleteRule>
<referredTableID>C9682E38-85C9-1F59-82DA-B5B35FAA63FE</referredTableID>
<keyObject>44643661-B34E-C67D-005C-7F191652A39B</keyObject>
<referredKeyID>44643661-B34E-C67D-005C-7F191652A39B</referredKeyID>
<mandatory>true</mandatory>
<refColNames>id_pago</refColNames>
<transferable>true</transferable>
<rely>false</rely>
<columnDependencyConstraintGenerateInDDL>true</columnDependencyConstraintGenerateInDDL>
</FKIndexAssociation>