<?xml version = '1.0' encoding = 'UTF-8'?>
<Table class="oracle.dbtools.crest.model.design.relational.Table" directorySegmentName="seg_0" id="0AC3ECF6-F145-4779-6AC0-7F80141E87FC" name="MEDICO">
<createdBy>diego</createdBy>
<createdTime>2025-09-14 01:18:45 UTC</createdTime>
<generatorID>387F4A5B-3A31-7D48-A37F-177A5AD25228</generatorID>
<ownerDesignName>Exp2_s5_DiegoUlloaU</ownerDesignName>
<allowColumnReorder>false</allowColumnReorder>
<existDependencyGenerateInDDl>true</existDependencyGenerateInDDl>
<parsed>true</parsed>
<columns itemClass="oracle.dbtools.crest.model.design.relational.Column">
<Column name="rut_medico" id="3AB42331-64A0-8385-6484-965B50DB696C">
<createdBy>diego</createdBy>
<createdTime>2025-09-14 01:18:45 UTC</createdTime>
<generatorID>C121459B-5A64-D747-D6F6-A26319E148E0</generatorID>
<ownerDesignName>Exp2_s5_DiegoUlloaU</ownerDesignName>
<useDomainConstraints>false</useDomainConstraints>
<use>1</use>
<logicalDatatype>LOGDT024</logicalDatatype>
<dataTypeSize>12</dataTypeSize>
<ownDataTypeParameters>12,,</ownDataTypeParameters>
<autoIncrementCycle>false</autoIncrementCycle>
</Column>
<Column name="nombre_completo" id="8EC3194A-5767-FD7D-6CA4-51D687431A39">
<createdBy>diego</createdBy>
<createdTime>2025-09-14 01:18:45 UTC</createdTime>
<generatorID>23755B6E-3BB0-0229-2C16-38E003113522</generatorID>
<ownerDesignName>Exp2_s5_DiegoUlloaU</ownerDesignName>
<useDomainConstraints>false</useDomainConstraints>
<use>1</use>
<logicalDatatype>LOGDT024</logicalDatatype>
<dataTypeSize>100</dataTypeSize>
<ownDataTypeParameters>100,,</ownDataTypeParameters>
<autoIncrementCycle>false</autoIncrementCycle>
</Column>
<Column name="fecha_ingreso" id="134AAA55-9E80-16CC-3C80-CA5E52A87A18">
<createdBy>diego</createdBy>
<createdTime>2025-09-14 01:18:45 UTC</createdTime>
<generatorID>7A57600E-A270-F5F2-81E9-40B9073E7EC0</generatorID>
<ownerDesignName>Exp2_s5_DiegoUlloaU</ownerDesignName>
<useDomainConstraints>false</useDomainConstraints>
<use>1</use>
<logicalDatatype>LOGDT007</logicalDatatype>
<ownDataTypeParameters>,,</ownDataTypeParameters>
<autoIncrementCycle>false</autoIncrementCycle>
</Column>
<Column name="id_especialidad" id="947D4A31-C39D-D8A7-9959-B537F9B0617A">
<createdBy>diego</createdBy>
<createdTime>2025-09-14 01:18:45 UTC</createdTime>
<generatorID>BDB6FDCC-2D32-B67A-E207-C5A4212D4571</generatorID>
<ownerDesignName>Exp2_s5_DiegoUlloaU</ownerDesignName>
<useDomainConstraints>false</useDomainConstraints>
<use>1</use>
<logicalDatatype>LOGDT019</logicalDatatype>
<dataTypePrecision>6</dataTypePrecision>
<ownDataTypeParameters>,6,</ownDataTypeParameters>
<autoIncrementCycle>false</autoIncrementCycle>
</Column>
<Column name="id_afp" id="C20D40D5-5448-94CE-6292-838F9FC70315">
<createdBy>diego</createdBy>
<createdTime>2025-09-14 01:18:45 UTC</createdTime>
<generatorID>4AEFCC2C-E4AE-A2AD-C6F4-219BCC54949A</generatorID>
<ownerDesignName>Exp2_s5_DiegoUlloaU</ownerDesignName>
<useDomainConstraints>false</useDomainConstraints>
<use>1</use>
<logicalDatatype>LOGDT019</logicalDatatype>
<dataTypePrecision>6</dataTypePrecision>
<ownDataTypeParameters>,6,</ownDataTypeParameters>
<autoIncrementCycle>false</autoIncrementCycle>
</Column>
<Column name="id_institucion_salud" id="49480723-CFE4-2736-5DF3-412442AA9F3C">
<createdBy>diego</createdBy>
<createdTime>2025-09-14 01:18:45 UTC</createdTime>
<generatorID>09181890-B8E4-A152-3FE3-3A26A0587952</generatorID>
<ownerDesignName>Exp2_s5_DiegoUlloaU</ownerDesignName>
<useDomainConstraints>false</useDomainConstraints>
<use>1</use>
<logicalDatatype>LOGDT019</logicalDatatype>
<dataTypePrecision>6</dataTypePrecision>
<ownDataTypeParameters>,6,</ownDataTypeParameters>
<autoIncrementCycle>false</autoIncrementCycle>
</Column>
<Column name="rut_supervisor" id="C707AA79-889C-2141-0679-F6CB2BBB4404">
<createdBy>diego</createdBy>
<createdTime>2025-09-14 01:18:45 UTC</createdTime>
<generatorID>3985399A-3C1A-BF9A-BCD4-0728B8F91BAA</generatorID>
<ownerDesignName>Exp2_s5_DiegoUlloaU</ownerDesignName>
<useDomainConstraints>false</useDomainConstraints>
<use>1</use>
<logicalDatatype>LOGDT024</logicalDatatype>
<dataTypeSize>12</dataTypeSize>
<ownDataTypeParameters>12,,</ownDataTypeParameters>
<autoIncrementCycle>false</autoIncrementCycle>
</Column>
<Column name="ESPECIALIDAD_id_especialidad" id="FF2A5836-EED9-C382-15E2-4B1A5F98D274">
<createdBy>diego</createdBy>
<createdTime>2025-09-14 01:18:45 UTC</createdTime>
<generatorID>9E72DA85-A19C-CE2A-239B-2E57E2FF28F8</generatorID>
<ownerDesignName>Exp2_s5_DiegoUlloaU</ownerDesignName>
<useDomainConstraints>false</useDomainConstraints>
<use>1</use>
<logicalDatatype>LOGDT019</logicalDatatype>
<dataTypePrecision>6</dataTypePrecision>
<ownDataTypeParameters>,,</ownDataTypeParameters>
<previousColumn>false</previousColumn>
<autoIncrementCycle>false</autoIncrementCycle>
<associations>
<colAssociation fkAssociation="0EECF870-BCFE-837F-0918-690A1795B116" referredColumn="AACC353C-34E1-E5E4-3F7A-59B2B88D7E05"/>
</associations>
</Column>
<Column name="INSTIT_SALUD_id_inst_salud" id="CA16AB93-D6D6-1E9F-542A-32E6619458CC">
<createdBy>diego</createdBy>
<createdTime>2025-09-14 01:18:45 UTC</createdTime>
<generatorID>6D516C38-D393-B8D2-B1E3-E6F813BB7054</generatorID>
<ownerDesignName>Exp2_s5_DiegoUlloaU</ownerDesignName>
<useDomainConstraints>false</useDomainConstraints>
<use>1</use>
<logicalDatatype>LOGDT019</logicalDatatype>
<dataTypePrecision>6</dataTypePrecision>
<ownDataTypeParameters>,,</ownDataTypeParameters>
<previousColumn>false</previousColumn>
<autoIncrementCycle>false</autoIncrementCycle>
<associations>
<colAssociation fkAssociation="BD3E74E5-953E-223F-60B6-3918D65E7A91" referredColumn="E5112BDC-91F6-0EF1-D91C-A7224B602684"/>
</associations>
</Column>
<Column name="AFP_id_afp" id="83458691-0FDC-C069-294E-8663BCAAED10">
<createdBy>diego</createdBy>
<createdTime>2025-09-14 01:18:45 UTC</createdTime>
<generatorID>68304748-FF80-F895-0711-F769E43EC371</generatorID>
<ownerDesignName>Exp2_s5_DiegoUlloaU</ownerDesignName>
<useDomainConstraints>false</useDomainConstraints>
<use>1</use>
<logicalDatatype>LOGDT019</logicalDatatype>
<dataTypePrecision>6</dataTypePrecision>
<ownDataTypeParameters>,,</ownDataTypeParameters>
<previousColumn>false</previousColumn>
<autoIncrementCycle>false</autoIncrementCycle>
<associations>
<colAssociation fkAssociation="978E00F2-D7DC-2088-4787-0B83CF87B94F" referredColumn="1A0189BE-6CE0-C0C0-ACC5-E090EEC20377"/>
</associations>
</Column>
<Column name="MEDICO_rut_medico" id="C11E3A2A-0428-F198-3504-8318FE7EEB69">
<createdBy>diego</createdBy>
<createdTime>2025-09-14 01:18:45 UTC</createdTime>
<generatorID>CD40EDE1-64DE-A2AD-1191-5E4A96D0815F</generatorID>
<ownerDesignName>Exp2_s5_DiegoUlloaU</ownerDesignName>
<useDomainConstraints>false</useDomainConstraints>
<use>1</use>
<logicalDatatype>LOGDT024</logicalDatatype>
<dataTypeSize>12</dataTypeSize>
<ownDataTypeParameters>,,</ownDataTypeParameters>
<previousColumn>false</previousColumn>
<autoIncrementCycle>false</autoIncrementCycle>
<associations>
<colAssociation fkAssociation="11A70C55-5800-DD3B-1296-9EDDF96A3E44" referredColumn="3AB42331-64A0-8385-6484-965B50DB696C"/>
</associations>
</Column>
</columns>
<indexes itemClass="oracle.dbtools.crest.model.design.relational.Index">
<ind_PK_UK id="F3B178A2-7818-931D-3655-9C26278D63A4" name="MEDICO_PK">
<createdBy>diego</createdBy>
<createdTime>2025-09-14 01:18:45 UTC</createdTime>
<generatorID>BE809617-9972-DF31-2E92-B305E4BE7540</generatorID>
<ownerDesignName>Exp2_s5_DiegoUlloaU</ownerDesignName>
<pk>true</pk>
<indexState>Primary Constraint</indexState>
<isSurrogateKey>false</isSurrogateKey>
<indexColumnUsage>
<colUsage columnID="3AB42331-64A0-8385-6484-965B50DB696C"/>
</indexColumnUsage>
</ind_PK_UK>
<ind_PK_UK id="6C1BC860-0052-D736-053D-9C07AE3BFCA0" name="MEDICO_AFP_FK">
<createdBy>diego</createdBy>
<createdTime>2025-09-14 01:18:45 UTC</createdTime>
<generatorID>AB629F5E-E1F4-F0A4-5957-805715084403</generatorID>
<ownerDesignName>Exp2_s5_DiegoUlloaU</ownerDesignName>
<indexState>Foreign Key</indexState>
<isSurrogateKey>false</isSurrogateKey>
<indexColumnUsage>
<colUsage columnID="83458691-0FDC-C069-294E-8663BCAAED10"/>
</indexColumnUsage>
</ind_PK_UK>
<ind_PK_UK id="75BFB9BC-6E23-875C-5870-6C0B48E801AE" name="MEDICO_MEDICO_FK">
<createdBy>diego</createdBy>
<createdTime>2025-09-14 01:18:45 UTC</createdTime>
<generatorID>6E68E9D4-B739-79A7-44A3-B8B890AF20FC</generatorID>
<ownerDesignName>Exp2_s5_DiegoUlloaU</ownerDesignName>
<indexState>Foreign Key</indexState>
<isSurrogateKey>false</isSurrogateKey>
<indexColumnUsage>
<colUsage columnID="C11E3A2A-0428-F198-3504-8318FE7EEB69"/>
</indexColumnUsage>
</ind_PK_UK>
<ind_PK_UK id="EC72307C-1D58-AE15-3346-7AA612A3F44C" name="MEDICO_ESPECIALIDAD_FK">
<createdBy>diego</createdBy>
<createdTime>2025-09-14 01:18:45 UTC</createdTime>
<generatorID>EC8ACFF4-F157-62CB-2452-5DB427593EA4</generatorID>
<ownerDesignName>Exp2_s5_DiegoUlloaU</ownerDesignName>
<indexState>Foreign Key</indexState>
<isSurrogateKey>false</isSurrogateKey>
<indexColumnUsage>
<colUsage columnID="FF2A5836-EED9-C382-15E2-4B1A5F98D274"/>
</indexColumnUsage>
</ind_PK_UK>
<ind_PK_UK id="9ECA0544-B4FD-5D88-74E6-E763BA400D0A" name="MEDICO_INSTITUCION_SALUD_FK">
<createdBy>diego</createdBy>
<createdTime>2025-09-14 01:18:45 UTC</createdTime>
<generatorID>A416BC51-2D36-B372-544B-489C48E89855</generatorID>
<ownerDesignName>Exp2_s5_DiegoUlloaU</ownerDesignName>
<indexState>Foreign Key</indexState>
<isSurrogateKey>false</isSurrogateKey>
<indexColumnUsage>
<colUsage columnID="CA16AB93-D6D6-1E9F-542A-32E6619458CC"/>
</indexColumnUsage>
</ind_PK_UK>
</indexes>
</Table>