<?xml version = '1.0' encoding = 'UTF-8'?>
<Table class="oracle.dbtools.crest.model.design.relational.Table" directorySegmentName="seg_0" id="1769C6A1-EC0D-1769-A6A7-4816C6BCBEDA" name="ESPECIALIDAD">
<createdBy>diego</createdBy>
<createdTime>2025-09-14 01:18:45 UTC</createdTime>
<generatorID>9A8532D3-20CC-9A61-F321-28380ADF2110</generatorID>
<ownerDesignName>Exp2_s5_DiegoUlloaU</ownerDesignName>
<allowColumnReorder>false</allowColumnReorder>
<existDependencyGenerateInDDl>true</existDependencyGenerateInDDl>
<parsed>true</parsed>
<columns itemClass="oracle.dbtools.crest.model.design.relational.Column">
<Column name="id_especialidad" id="AACC353C-34E1-E5E4-3F7A-59B2B88D7E05">
<createdBy>diego</createdBy>
<createdTime>2025-09-14 01:18:45 UTC</createdTime>
<generatorID>D1A91183-29BC-5D68-7B86-69C4B6B4E781</generatorID>
<ownerDesignName>Exp2_s5_DiegoUlloaU</ownerDesignName>
<useDomainConstraints>false</useDomainConstraints>
<use>1</use>
<logicalDatatype>LOGDT019</logicalDatatype>
<dataTypePrecision>6</dataTypePrecision>
<ownDataTypeParameters>,6,</ownDataTypeParameters>
<autoIncrementCycle>false</autoIncrementCycle>
</Column>
<Column name="nombre_especialidad" id="7DF058DE-1CD3-056B-3034-D1ADD6B330B8">
<createdBy>diego</createdBy>
<createdTime>2025-09-14 01:18:45 UTC</createdTime>
<generatorID>F0B4AD45-0523-A365-E406-352E4650E161</generatorID>
<ownerDesignName>Exp2_s5_DiegoUlloaU</ownerDesignName>
<useDomainConstraints>false</useDomainConstraints>
<use>1</use>
<logicalDatatype>LOGDT024</logicalDatatype>
<dataTypeSize>50</dataTypeSize>
<ownDataTypeParameters>50,,</ownDataTypeParameters>
<autoIncrementCycle>false</autoIncrementCycle>
</Column>
</columns>
<indexes itemClass="oracle.dbtools.crest.model.design.relational.Index">
<ind_PK_UK id="AB9FF007-B423-65D1-5AEF-41E38E010B8D" name="ESPECIALIDAD_PK">
<createdBy>diego</createdBy>
<createdTime>2025-09-14 01:18:45 UTC</createdTime>
<generatorID>22DAD6C8-B7C2-E222-AA1B-15E5AA423C15</generatorID>
<ownerDesignName>Exp2_s5_DiegoUlloaU</ownerDesignName>
<pk>true</pk>
<indexState>Primary Constraint</indexState>
<isSurrogateKey>false</isSurrogateKey>
<indexColumnUsage>
<colUsage columnID="AACC353C-34E1-E5E4-3F7A-59B2B88D7E05"/>
</indexColumnUsage>
</ind_PK_UK>
</indexes>
</Table>