<?xml version = '1.0' encoding = 'UTF-8'?>
<Table class="oracle.dbtools.crest.model.design.relational.Table" directorySegmentName="seg_0" id="2B87056E-1530-AC1C-C6F6-024F6AB302EC" name="AFP">
<createdBy>diego</createdBy>
<createdTime>2025-09-14 01:18:45 UTC</createdTime>
<generatorID>7A2A348C-B700-1AC7-8E2D-2C7644CDE1BB</generatorID>
<ownerDesignName>Exp2_s5_DiegoUlloaU</ownerDesignName>
<allowColumnReorder>false</allowColumnReorder>
<existDependencyGenerateInDDl>true</existDependencyGenerateInDDl>
<parsed>true</parsed>
<columns itemClass="oracle.dbtools.crest.model.design.relational.Column">
<Column name="id_afp" id="1A0189BE-6CE0-C0C0-ACC5-E090EEC20377">
<createdBy>diego</createdBy>
<createdTime>2025-09-14 01:18:45 UTC</createdTime>
<generatorID>09299615-33DF-31E5-A04B-9F776078BF78</generatorID>
<ownerDesignName>Exp2_s5_DiegoUlloaU</ownerDesignName>
<useDomainConstraints>false</useDomainConstraints>
<use>1</use>
<logicalDatatype>LOGDT019</logicalDatatype>
<dataTypePrecision>6</dataTypePrecision>
<ownDataTypeParameters>,6,</ownDataTypeParameters>
<autoIncrementCycle>false</autoIncrementCycle>
</Column>
<Column name="nombre_afp" id="06A4C32E-6FB0-85E2-0747-D942E0F2B330">
<createdBy>diego</createdBy>
<createdTime>2025-09-14 01:18:45 UTC</createdTime>
<generatorID>48CC916B-F1C1-A424-8929-BDBBE8A4CF60</generatorID>
<ownerDesignName>Exp2_s5_DiegoUlloaU</ownerDesignName>
<useDomainConstraints>false</useDomainConstraints>
<use>1</use>
<logicalDatatype>LOGDT024</logicalDatatype>
<dataTypeSize>50</dataTypeSize>
<ownDataTypeParameters>50,,</ownDataTypeParameters>
<autoIncrementCycle>false</autoIncrementCycle>
</Column>
</columns>
<indexes itemClass="oracle.dbtools.crest.model.design.relational.Index">
<ind_PK_UK id="09E88531-50A6-0A59-59EC-945F0DADB19B" name="AFP_PK">
<createdBy>diego</createdBy>
<createdTime>2025-09-14 01:18:45 UTC</createdTime>
<generatorID>4C903EE8-4B51-67FE-F016-469968443DA9</generatorID>
<ownerDesignName>Exp2_s5_DiegoUlloaU</ownerDesignName>
<pk>true</pk>
<indexState>Primary Constraint</indexState>
<isSurrogateKey>false</isSurrogateKey>
<indexColumnUsage>
<colUsage columnID="1A0189BE-6CE0-C0C0-ACC5-E090EEC20377"/>
</indexColumnUsage>
</ind_PK_UK>
</indexes>
</Table>