<?xml version = '1.0' encoding = 'UTF-8'?>
<Table class="oracle.dbtools.crest.model.design.relational.Table" directorySegmentName="seg_0" id="4DD03E38-6D00-494B-544E-D7541583D92B" name="SOLICITUD_EXAMEN">
<createdBy>diego</createdBy>
<createdTime>2025-09-14 01:18:45 UTC</createdTime>
<generatorID>D29161DC-15D1-ABFB-5AF0-A50F4E995536</generatorID>
<ownerDesignName>Exp2_s5_DiegoUlloaU</ownerDesignName>
<allowColumnReorder>false</allowColumnReorder>
<existDependencyGenerateInDDl>true</existDependencyGenerateInDDl>
<parsed>true</parsed>
<columns itemClass="oracle.dbtools.crest.model.design.relational.Column">
<Column name="id_atencion" id="4CBC86E2-2573-B128-90BE-59630BADACF2">
<createdBy>diego</createdBy>
<createdTime>2025-09-14 01:18:45 UTC</createdTime>
<generatorID>613E1E1E-1231-4E28-08B9-28A3C7F0467C</generatorID>
<ownerDesignName>Exp2_s5_DiegoUlloaU</ownerDesignName>
<useDomainConstraints>false</useDomainConstraints>
<use>1</use>
<logicalDatatype>LOGDT019</logicalDatatype>
<dataTypePrecision>10</dataTypePrecision>
<ownDataTypeParameters>,10,</ownDataTypeParameters>
<autoIncrementCycle>false</autoIncrementCycle>
</Column>
<Column name="id_examen" id="A9AA30EA-3D28-8C00-1809-6D42F3387D1C">
<createdBy>diego</createdBy>
<createdTime>2025-09-14 01:18:45 UTC</createdTime>
<generatorID>83B0E5EE-FB3E-CF14-1E64-196375B4C768</generatorID>
<ownerDesignName>Exp2_s5_DiegoUlloaU</ownerDesignName>
<useDomainConstraints>false</useDomainConstraints>
<use>1</use>
<logicalDatatype>LOGDT019</logicalDatatype>
<dataTypePrecision>6</dataTypePrecision>
<ownDataTypeParameters>,6,</ownDataTypeParameters>
<autoIncrementCycle>false</autoIncrementCycle>
</Column>
<Column name="fecha_solicitud" id="5E34217E-DD3B-2E36-8E7E-088A7D18ACF5">
<createdBy>diego</createdBy>
<createdTime>2025-09-14 01:18:45 UTC</createdTime>
<generatorID>3E2E1A96-B264-5304-CB54-E1F7798BD916</generatorID>
<ownerDesignName>Exp2_s5_DiegoUlloaU</ownerDesignName>
<useDomainConstraints>false</useDomainConstraints>
<use>1</use>
<logicalDatatype>LOGDT007</logicalDatatype>
<ownDataTypeParameters>,,</ownDataTypeParameters>
<autoIncrementCycle>false</autoIncrementCycle>
</Column>
<Column name="resultado" id="6F6223A9-E5A2-6685-F7B8-07F692D196CE">
<createdBy>diego</createdBy>
<createdTime>2025-09-14 01:18:45 UTC</createdTime>
<generatorID>5E7C4219-D169-8E95-550B-F36008DA9415</generatorID>
<ownerDesignName>Exp2_s5_DiegoUlloaU</ownerDesignName>
<useDomainConstraints>false</useDomainConstraints>
<use>1</use>
<logicalDatatype>LOGDT024</logicalDatatype>
<dataTypeSize>255</dataTypeSize>
<ownDataTypeParameters>255,,</ownDataTypeParameters>
<autoIncrementCycle>false</autoIncrementCycle>
</Column>
<Column name="EXAMEN_LABORATORIO_id_examen" id="5D23E990-3111-925F-555A-59444C6A62B5">
<createdBy>diego</createdBy>
<createdTime>2025-09-14 01:18:45 UTC</createdTime>
<generatorID>67FE2760-ED19-E029-6BB2-D5EECFCC1A1E</generatorID>
<ownerDesignName>Exp2_s5_DiegoUlloaU</ownerDesignName>
<useDomainConstraints>false</useDomainConstraints>
<use>1</use>
<logicalDatatype>LOGDT019</logicalDatatype>
<dataTypePrecision>6</dataTypePrecision>
<ownDataTypeParameters>,,</ownDataTypeParameters>
<previousColumn>false</previousColumn>
<autoIncrementCycle>false</autoIncrementCycle>
<associations>
<colAssociation fkAssociation="5460D910-1315-6BF3-40E1-5D0290594C87" referredColumn="D4AE9AD6-17D8-2520-F9B3-9DB516DBE5B5"/>
</associations>
</Column>
<Column name="ATENCION_MEDICA_id_atencion" id="FD519EB7-E1E9-07D9-5FF3-C9AE5291BF70">
<createdBy>diego</createdBy>
<createdTime>2025-09-14 01:18:45 UTC</createdTime>
<generatorID>24A7467E-4269-A994-5C22-D34332072565</generatorID>
<ownerDesignName>Exp2_s5_DiegoUlloaU</ownerDesignName>
<useDomainConstraints>false</useDomainConstraints>
<use>1</use>
<logicalDatatype>LOGDT019</logicalDatatype>
<dataTypePrecision>10</dataTypePrecision>
<ownDataTypeParameters>,,</ownDataTypeParameters>
<previousColumn>false</previousColumn>
<autoIncrementCycle>false</autoIncrementCycle>
<associations>
<colAssociation fkAssociation="A48F1A65-D429-E651-17ED-594327AA812A" referredColumn="2932FE58-ADFA-3CD5-DE41-ABD312383E90"/>
</associations>
</Column>
<Column name="ATENCION_MEDICA_rut_medico1" id="2E245403-24B2-8C8B-CA42-2DF8C9DB9FA8">
<createdBy>diego</createdBy>
<createdTime>2025-09-14 01:18:45 UTC</createdTime>
<generatorID>52E00C9B-D7B2-C772-70B4-A4B1869A4782</generatorID>
<ownerDesignName>Exp2_s5_DiegoUlloaU</ownerDesignName>
<useDomainConstraints>false</useDomainConstraints>
<use>1</use>
<logicalDatatype>LOGDT024</logicalDatatype>
<dataTypeSize>12</dataTypeSize>
<ownDataTypeParameters>,,</ownDataTypeParameters>
<previousColumn>false</previousColumn>
<autoIncrementCycle>false</autoIncrementCycle>
<associations>
<colAssociation fkAssociation="A48F1A65-D429-E651-17ED-594327AA812A" referredColumn="0BB7E8DB-3D14-620F-0BC3-968CA08C057B"/>
</associations>
</Column>
</columns>
<indexes itemClass="oracle.dbtools.crest.model.design.relational.Index">
<ind_PK_UK id="0A845A95-1182-D863-C11A-D6E8BDA4C6F1" name="SOLICITUD_EXAMEN_PK">
<createdBy>diego</createdBy>
<createdTime>2025-09-14 01:18:45 UTC</createdTime>
<generatorID>BCD53CBE-6C1C-FECD-B453-826905FA184D</generatorID>
<ownerDesignName>Exp2_s5_DiegoUlloaU</ownerDesignName>
<pk>true</pk>
<indexState>Primary Constraint</indexState>
<isSurrogateKey>false</isSurrogateKey>
<indexColumnUsage>
<colUsage columnID="4CBC86E2-2573-B128-90BE-59630BADACF2"/>
<colUsage columnID="A9AA30EA-3D28-8C00-1809-6D42F3387D1C"/>
</indexColumnUsage>
</ind_PK_UK>
<ind_PK_UK id="FBF0CF98-4118-46C5-A890-B5E6C7D86054" name="SOLIC_EXAM_ATEN_MED_FK">
<createdBy>diego</createdBy>
<createdTime>2025-09-14 01:18:45 UTC</createdTime>
<generatorID>A4750A91-F9F4-D6EC-B65E-25624432E19A</generatorID>
<ownerDesignName>Exp2_s5_DiegoUlloaU</ownerDesignName>
<indexState>Foreign Key</indexState>
<isSurrogateKey>false</isSurrogateKey>
<indexColumnUsage>
<colUsage columnID="FD519EB7-E1E9-07D9-5FF3-C9AE5291BF70"/>
<colUsage columnID="2E245403-24B2-8C8B-CA42-2DF8C9DB9FA8"/>
</indexColumnUsage>
</ind_PK_UK>
<ind_PK_UK id="F0C8BD9A-E05F-C1F5-ADAD-5032D5B4F019" name="SOLICITUD_EXAM_EXAM_LAB_FK">
<createdBy>diego</createdBy>
<createdTime>2025-09-14 01:18:45 UTC</createdTime>
<generatorID>5013DA3C-C5E7-F5E8-EB0C-6CA87F0ECED1</generatorID>
<ownerDesignName>Exp2_s5_DiegoUlloaU</ownerDesignName>
<indexState>Foreign Key</indexState>
<isSurrogateKey>false</isSurrogateKey>
<indexColumnUsage>
<colUsage columnID="5D23E990-3111-925F-555A-59444C6A62B5"/>
</indexColumnUsage>
</ind_PK_UK>
</indexes>
</Table>