<?xml version = '1.0' encoding = 'UTF-8'?>
<Table class="oracle.dbtools.crest.model.design.relational.Table" directorySegmentName="seg_0" id="793C26D8-5F60-C64D-DA63-C343FA13BEED" name="COMUNA">
<createdBy>diego</createdBy>
<createdTime>2025-09-14 01:18:45 UTC</createdTime>
<generatorID>AD7C3341-FF98-2349-B201-9F89B92577B0</generatorID>
<ownerDesignName>Exp2_s5_DiegoUlloaU</ownerDesignName>
<allowColumnReorder>false</allowColumnReorder>
<existDependencyGenerateInDDl>true</existDependencyGenerateInDDl>
<parsed>true</parsed>
<columns itemClass="oracle.dbtools.crest.model.design.relational.Column">
<Column name="id_comuna" id="718F6884-D754-7511-43A5-A76A8AC6AC56">
<createdBy>diego</createdBy>
<createdTime>2025-09-14 01:18:45 UTC</createdTime>
<generatorID>C5F30F3D-FE5D-FE19-286C-7517427BE5D0</generatorID>
<ownerDesignName>Exp2_s5_DiegoUlloaU</ownerDesignName>
<useDomainConstraints>false</useDomainConstraints>
<use>1</use>
<logicalDatatype>LOGDT024</logicalDatatype>
<dataTypeSize>6</dataTypeSize>
<ownDataTypeParameters>6,,</ownDataTypeParameters>
<autoIncrementCycle>false</autoIncrementCycle>
</Column>
<Column name="nombre_comuna" id="AAF5F3B5-E266-5A64-537E-27E5199E28F7">
<createdBy>diego</createdBy>
<createdTime>2025-09-14 01:18:45 UTC</createdTime>
<generatorID>36B3634B-DA94-4AA9-0EC2-9B1C790BE5DB</generatorID>
<ownerDesignName>Exp2_s5_DiegoUlloaU</ownerDesignName>
<useDomainConstraints>false</useDomainConstraints>
<use>1</use>
<logicalDatatype>LOGDT024</logicalDatatype>
<dataTypeSize>50</dataTypeSize>
<ownDataTypeParameters>50,,</ownDataTypeParameters>
<autoIncrementCycle>false</autoIncrementCycle>
</Column>
<Column name="id_region" id="BCE82C0D-7366-D98A-9A22-7E7262702CCA">
<createdBy>diego</createdBy>
<createdTime>2025-09-14 01:18:45 UTC</createdTime>
<generatorID>D1BBCA1D-87D0-7B05-88FC-DF1943925B07</generatorID>
<ownerDesignName>Exp2_s5_DiegoUlloaU</ownerDesignName>
<useDomainConstraints>false</useDomainConstraints>
<use>1</use>
<logicalDatatype>LOGDT019</logicalDatatype>
<dataTypePrecision>6</dataTypePrecision>
<ownDataTypeParameters>,6,</ownDataTypeParameters>
<autoIncrementCycle>false</autoIncrementCycle>
</Column>
<Column name="PACIENTE_RUT" id="60FE53B8-75D8-2AFF-DAF8-879D85870ABD">
<createdBy>diego</createdBy>
<createdTime>2025-09-14 01:18:45 UTC</createdTime>
<generatorID>4C59BB3F-0D64-C938-588A-3EA6965DD35C</generatorID>
<ownerDesignName>Exp2_s5_DiegoUlloaU</ownerDesignName>
<useDomainConstraints>false</useDomainConstraints>
<use>1</use>
<logicalDatatype>LOGDT024</logicalDatatype>
<dataTypeSize>10</dataTypeSize>
<ownDataTypeParameters>,,</ownDataTypeParameters>
<previousColumn>false</previousColumn>
<autoIncrementCycle>false</autoIncrementCycle>
<associations>
<colAssociation fkAssociation="25A84FC5-C52D-E587-9457-AA85911CE7B4" referredColumn="18421ADC-41D3-7228-3502-603965D53A15"/>
</associations>
</Column>
<Column name="REGION_REGION_ID" id="E47A8911-B2E6-AA1C-1E47-FF0DC748834C">
<createdBy>diego</createdBy>
<createdTime>2025-09-14 01:18:45 UTC</createdTime>
<ownerDesignName>Exp2_s5_DiegoUlloaU</ownerDesignName>
<useDomainConstraints>false</useDomainConstraints>
<use>1</use>
<logicalDatatype>LOGDT019</logicalDatatype>
<ownDataTypeParameters>,,</ownDataTypeParameters>
<previousColumn>false</previousColumn>
<autoIncrementCycle>false</autoIncrementCycle>
<associations>
<colAssociation fkAssociation="47B03EE6-F01F-106F-1C7B-2D63D4BEC4A6" referredColumn="88735AF1-4D7E-AE93-8E1E-39B9EFF03C07"/>
</associations>
</Column>
</columns>
<indexes itemClass="oracle.dbtools.crest.model.design.relational.Index">
<ind_PK_UK id="1474F456-0855-DDCD-5B7C-C237D279469E" name="COMUNA_PK">
<createdBy>diego</createdBy>
<createdTime>2025-09-14 01:18:45 UTC</createdTime>
<generatorID>C24312B1-9967-0930-35DE-099852BB9C1C</generatorID>
<ownerDesignName>Exp2_s5_DiegoUlloaU</ownerDesignName>
<pk>true</pk>
<indexState>Primary Constraint</indexState>
<isSurrogateKey>false</isSurrogateKey>
<indexColumnUsage>
<colUsage columnID="718F6884-D754-7511-43A5-A76A8AC6AC56"/>
</indexColumnUsage>
</ind_PK_UK>
<ind_PK_UK id="72F4186F-266B-661F-662F-B6DCF90348D0" name="COMUNA_PACIENTE_FK">
<createdBy>diego</createdBy>
<createdTime>2025-09-14 01:18:45 UTC</createdTime>
<generatorID>038261F0-A3A6-583F-EA0D-3BA259AC72CF</generatorID>
<ownerDesignName>Exp2_s5_DiegoUlloaU</ownerDesignName>
<indexState>Foreign Key</indexState>
<isSurrogateKey>false</isSurrogateKey>
<indexColumnUsage>
<colUsage columnID="60FE53B8-75D8-2AFF-DAF8-879D85870ABD"/>
</indexColumnUsage>
</ind_PK_UK>
<ind_PK_UK id="C2E4A268-3921-083A-A900-91FB10481961" name="COMUNA_REGION_FK">
<createdBy>diego</createdBy>
<createdTime>2025-09-14 01:18:45 UTC</createdTime>
<generatorID>28122169-974A-6986-2360-98A0DC7AACEC</generatorID>
<ownerDesignName>Exp2_s5_DiegoUlloaU</ownerDesignName>
<indexState>Foreign Key</indexState>
<isSurrogateKey>false</isSurrogateKey>
<indexColumnUsage>
<colUsage columnID="E47A8911-B2E6-AA1C-1E47-FF0DC748834C"/>
</indexColumnUsage>
</ind_PK_UK>
</indexes>
</Table>