<?xml version = '1.0' encoding = 'UTF-8'?>
<Table class="oracle.dbtools.crest.model.design.relational.Table" directorySegmentName="seg_0" id="C9682E38-85C9-1F59-82DA-B5B35FAA63FE" name="PAGO_ATENCION">
<createdBy>diego</createdBy>
<createdTime>2025-09-14 01:18:45 UTC</createdTime>
<generatorID>0F28951B-3EB0-8E0F-731B-A775E851003A</generatorID>
<ownerDesignName>Exp2_s5_DiegoUlloaU</ownerDesignName>
<allowColumnReorder>false</allowColumnReorder>
<existDependencyGenerateInDDl>true</existDependencyGenerateInDDl>
<parsed>true</parsed>
<columns itemClass="oracle.dbtools.crest.model.design.relational.Column">
<Column name="id_pago" id="D4F0A436-A233-245A-A195-954CC8C73E72">
<createdBy>diego</createdBy>
<createdTime>2025-09-14 01:18:45 UTC</createdTime>
<generatorID>54AF73EA-81B1-9526-A14A-4B10138C8CEB</generatorID>
<ownerDesignName>Exp2_s5_DiegoUlloaU</ownerDesignName>
<useDomainConstraints>false</useDomainConstraints>
<use>1</use>
<logicalDatatype>LOGDT019</logicalDatatype>
<dataTypePrecision>10</dataTypePrecision>
<ownDataTypeParameters>,10,</ownDataTypeParameters>
<autoIncrementCycle>false</autoIncrementCycle>
</Column>
<Column name="monto" id="08E87444-62E3-380C-0162-3F177A0A8E50">
<createdBy>diego</createdBy>
<createdTime>2025-09-14 01:18:45 UTC</createdTime>
<generatorID>BE258B47-1747-454D-7663-3673345C586B</generatorID>
<ownerDesignName>Exp2_s5_DiegoUlloaU</ownerDesignName>
<useDomainConstraints>false</useDomainConstraints>
<use>1</use>
<logicalDatatype>LOGDT019</logicalDatatype>
<dataTypePrecision>10</dataTypePrecision>
<dataTypeScale>2</dataTypeScale>
<ownDataTypeParameters>,10,2</ownDataTypeParameters>
<autoIncrementCycle>false</autoIncrementCycle>
</Column>
<Column name="tipo_pago" id="625F92C9-670B-079F-A24C-DCF653227125">
<createdBy>diego</createdBy>
<createdTime>2025-09-14 01:18:45 UTC</createdTime>
<generatorID>58D18FBF-CF8E-8D11-2538-7B03D4A730FA</generatorID>
<ownerDesignName>Exp2_s5_DiegoUlloaU</ownerDesignName>
<useDomainConstraints>false</useDomainConstraints>
<use>1</use>
<logicalDatatype>LOGDT024</logicalDatatype>
<dataTypeSize>20</dataTypeSize>
<ownDataTypeParameters>20,,</ownDataTypeParameters>
<autoIncrementCycle>false</autoIncrementCycle>
</Column>
<Column name="id_atencion" id="6E2330BD-7B9A-8736-3FFD-869A30274971">
<createdBy>diego</createdBy>
<createdTime>2025-09-14 01:18:45 UTC</createdTime>
<generatorID>203FC869-6412-8892-CC9C-290D35F3A8AE</generatorID>
<ownerDesignName>Exp2_s5_DiegoUlloaU</ownerDesignName>
<nullsAllowed>true</nullsAllowed>
<useDomainConstraints>false</useDomainConstraints>
<use>1</use>
<logicalDatatype>LOGDT019</logicalDatatype>
<dataTypePrecision>10</dataTypePrecision>
<ownDataTypeParameters>,10,</ownDataTypeParameters>
<autoIncrementCycle>false</autoIncrementCycle>
</Column>
<Column name="ATENCION_MEDICA_id_atencion" id="42CC59A1-AB76-2FE7-4F54-15F94116202D">
<createdBy>diego</createdBy>
<createdTime>2025-09-14 01:18:45 UTC</createdTime>
<generatorID>685AB05A-3853-F3DD-41A6-90AED892C37B</generatorID>
<ownerDesignName>Exp2_s5_DiegoUlloaU</ownerDesignName>
<useDomainConstraints>false</useDomainConstraints>
<use>1</use>
<logicalDatatype>LOGDT019</logicalDatatype>
<dataTypePrecision>10</dataTypePrecision>
<ownDataTypeParameters>,,</ownDataTypeParameters>
<previousColumn>false</previousColumn>
<autoIncrementCycle>false</autoIncrementCycle>
<associations>
<colAssociation fkAssociation="9E8225E2-BF9B-10FA-87ED-A7F784D3F574" referredColumn="2932FE58-ADFA-3CD5-DE41-ABD312383E90"/>
</associations>
</Column>
<Column name="ATENCION_MED_MED_rut_med" id="02A35D17-FB4C-C69E-E36B-054728E22931">
<createdBy>diego</createdBy>
<createdTime>2025-09-14 01:18:45 UTC</createdTime>
<generatorID>182B4CC5-10EE-DF9E-EA07-B0AF180ECFFE</generatorID>
<ownerDesignName>Exp2_s5_DiegoUlloaU</ownerDesignName>
<useDomainConstraints>false</useDomainConstraints>
<use>1</use>
<logicalDatatype>LOGDT024</logicalDatatype>
<dataTypeSize>12</dataTypeSize>
<ownDataTypeParameters>,,</ownDataTypeParameters>
<previousColumn>false</previousColumn>
<autoIncrementCycle>false</autoIncrementCycle>
<associations>
<colAssociation fkAssociation="9E8225E2-BF9B-10FA-87ED-A7F784D3F574" referredColumn="0BB7E8DB-3D14-620F-0BC3-968CA08C057B"/>
</associations>
</Column>
</columns>
<indexes itemClass="oracle.dbtools.crest.model.design.relational.Index">
<ind_PK_UK id="44643661-B34E-C67D-005C-7F191652A39B" name="PAGO_ATENCION_PK">
<createdBy>diego</createdBy>
<createdTime>2025-09-14 01:18:45 UTC</createdTime>
<generatorID>A59CA1C1-E5C7-4893-4AC8-4EF416E93D9D</generatorID>
<ownerDesignName>Exp2_s5_DiegoUlloaU</ownerDesignName>
<pk>true</pk>
<indexState>Primary Constraint</indexState>
<isSurrogateKey>false</isSurrogateKey>
<indexColumnUsage>
<colUsage columnID="D4F0A436-A233-245A-A195-954CC8C73E72"/>
</indexColumnUsage>
</ind_PK_UK>
<ind_PK_UK id="5E6F659E-6BD5-8E24-3348-D6A0AEBC3979" name="PAGO_ATENCION__IDX">
<createdBy>diego</createdBy>
<createdTime>2025-09-14 01:18:45 UTC</createdTime>
<ownerDesignName>Exp2_s5_DiegoUlloaU</ownerDesignName>
<indexState>Unique Plain Index</indexState>
<isSurrogateKey>false</isSurrogateKey>
<relationGeneratorID>52856655-0F19-B142-5699-078AC1275041</relationGeneratorID>
<indexColumnUsage>
<colUsage columnID="42CC59A1-AB76-2FE7-4F54-15F94116202D"/>
<colUsage columnID="02A35D17-FB4C-C69E-E36B-054728E22931"/>
</indexColumnUsage>
</ind_PK_UK>
<ind_PK_UK id="CF7DF9F4-96E2-2EDA-47D7-3EED4F4DA579" name="PAGO_ATEN_ATEN_MED_FK">
<createdBy>diego</createdBy>
<createdTime>2025-09-14 01:18:45 UTC</createdTime>
<generatorID>52856655-0F19-B142-5699-078AC1275041</generatorID>
<ownerDesignName>Exp2_s5_DiegoUlloaU</ownerDesignName>
<indexState>Foreign Key</indexState>
<isSurrogateKey>false</isSurrogateKey>
<indexColumnUsage>
<colUsage columnID="42CC59A1-AB76-2FE7-4F54-15F94116202D"/>
<colUsage columnID="02A35D17-FB4C-C69E-E36B-054728E22931"/>
</indexColumnUsage>
</ind_PK_UK>
</indexes>
</Table>