<?xml version = '1.0' encoding = 'UTF-8'?>
<Table class="oracle.dbtools.crest.model.design.relational.Table" directorySegmentName="seg_0" id="EB7583C9-C3C6-C54A-623F-F37A8AECA6F6" name="INSTITUCION_SALUD">
<createdBy>diego</createdBy>
<createdTime>2025-09-14 01:18:45 UTC</createdTime>
<generatorID>9484DAF3-AD87-68E4-25BF-32C54C5913D6</generatorID>
<ownerDesignName>Exp2_s5_DiegoUlloaU</ownerDesignName>
<allowColumnReorder>false</allowColumnReorder>
<existDependencyGenerateInDDl>true</existDependencyGenerateInDDl>
<parsed>true</parsed>
<columns itemClass="oracle.dbtools.crest.model.design.relational.Column">
<Column name="id_institucion_salud" id="E5112BDC-91F6-0EF1-D91C-A7224B602684">
<createdBy>diego</createdBy>
<createdTime>2025-09-14 01:18:45 UTC</createdTime>
<generatorID>3346556D-2C2E-0A47-F342-B4B04815D426</generatorID>
<ownerDesignName>Exp2_s5_DiegoUlloaU</ownerDesignName>
<useDomainConstraints>false</useDomainConstraints>
<use>1</use>
<logicalDatatype>LOGDT019</logicalDatatype>
<dataTypePrecision>6</dataTypePrecision>
<ownDataTypeParameters>,6,</ownDataTypeParameters>
<autoIncrementCycle>false</autoIncrementCycle>
</Column>
<Column name="nombre_institucion" id="641D3B6A-4998-24F7-D0ED-7DE52A2069C9">
<createdBy>diego</createdBy>
<createdTime>2025-09-14 01:18:45 UTC</createdTime>
<generatorID>8AD4E98E-44DE-483C-AA2B-BB40A479762E</generatorID>
<ownerDesignName>Exp2_s5_DiegoUlloaU</ownerDesignName>
<useDomainConstraints>false</useDomainConstraints>
<use>1</use>
<logicalDatatype>LOGDT024</logicalDatatype>
<dataTypeSize>50</dataTypeSize>
<ownDataTypeParameters>50,,</ownDataTypeParameters>
<autoIncrementCycle>false</autoIncrementCycle>
</Column>
</columns>
<indexes itemClass="oracle.dbtools.crest.model.design.relational.Index">
<ind_PK_UK id="5A830216-913F-ED01-7A7A-7C463EBA0A88" name="INSTITUCION_SALUD_PK">
<createdBy>diego</createdBy>
<createdTime>2025-09-14 01:18:45 UTC</createdTime>
<generatorID>650518BE-2C3A-5552-068F-4C39A5FDD7EB</generatorID>
<ownerDesignName>Exp2_s5_DiegoUlloaU</ownerDesignName>
<pk>true</pk>
<indexState>Primary Constraint</indexState>
<isSurrogateKey>false</isSurrogateKey>
<indexColumnUsage>
<colUsage columnID="E5112BDC-91F6-0EF1-D91C-A7224B602684"/>
</indexColumnUsage>
</ind_PK_UK>
</indexes>
</Table>