<?xml version = '1.0' encoding = 'UTF-8'?>
<Table class="oracle.dbtools.crest.model.design.relational.Table" directorySegmentName="seg_0" id="ED3A24A4-C07A-995B-D095-E00E1E376B3F" name="ATENCION_MEDICA">
<createdBy>diego</createdBy>
<createdTime>2025-09-14 01:18:45 UTC</createdTime>
<generatorID>318247C7-03C8-D991-397F-4E9344B8D78B</generatorID>
<ownerDesignName>Exp2_s5_DiegoUlloaU</ownerDesignName>
<allowColumnReorder>false</allowColumnReorder>
<existDependencyGenerateInDDl>true</existDependencyGenerateInDDl>
<parsed>true</parsed>
<columns itemClass="oracle.dbtools.crest.model.design.relational.Column">
<Column name="id_atencion" id="2932FE58-ADFA-3CD5-DE41-ABD312383E90">
<createdBy>diego</createdBy>
<createdTime>2025-09-14 01:18:45 UTC</createdTime>
<generatorID>FD73617B-9D3D-42CB-1447-C126B98A4D6E</generatorID>
<ownerDesignName>Exp2_s5_DiegoUlloaU</ownerDesignName>
<useDomainConstraints>false</useDomainConstraints>
<use>1</use>
<logicalDatatype>LOGDT019</logicalDatatype>
<dataTypePrecision>10</dataTypePrecision>
<ownDataTypeParameters>,10,</ownDataTypeParameters>
<autoIncrementCycle>false</autoIncrementCycle>
</Column>
<Column name="fecha_atencion" id="C7097707-0B3F-3166-74C3-2FBEC2B2CAE0">
<createdBy>diego</createdBy>
<createdTime>2025-09-14 01:18:45 UTC</createdTime>
<generatorID>0ACF23B6-B67B-B645-DFE6-1472294EF2ED</generatorID>
<ownerDesignName>Exp2_s5_DiegoUlloaU</ownerDesignName>
<useDomainConstraints>false</useDomainConstraints>
<use>1</use>
<logicalDatatype>LOGDT007</logicalDatatype>
<ownDataTypeParameters>,,</ownDataTypeParameters>
<autoIncrementCycle>false</autoIncrementCycle>
</Column>
<Column name="hora_atencion" id="847B7939-0A4B-EF77-A4AA-63CAC4AC1E32">
<createdBy>diego</createdBy>
<createdTime>2025-09-14 01:18:45 UTC</createdTime>
<generatorID>3A5F42CE-C0FA-E1C8-FA03-B44C9E83EA9A</generatorID>
<ownerDesignName>Exp2_s5_DiegoUlloaU</ownerDesignName>
<useDomainConstraints>false</useDomainConstraints>
<use>1</use>
<logicalDatatype>LOGDT024</logicalDatatype>
<dataTypeSize>5</dataTypeSize>
<ownDataTypeParameters>5,,</ownDataTypeParameters>
<autoIncrementCycle>false</autoIncrementCycle>
</Column>
<Column name="tipo_atencion" id="5FDA7F67-7F00-23C4-0B41-8284C13D2A74">
<createdBy>diego</createdBy>
<createdTime>2025-09-14 01:18:45 UTC</createdTime>
<generatorID>11B9BB20-34D7-BD09-302D-382EC4A5AE48</generatorID>
<ownerDesignName>Exp2_s5_DiegoUlloaU</ownerDesignName>
<useDomainConstraints>false</useDomainConstraints>
<use>1</use>
<logicalDatatype>LOGDT024</logicalDatatype>
<dataTypeSize>20</dataTypeSize>
<ownDataTypeParameters>20,,</ownDataTypeParameters>
<autoIncrementCycle>false</autoIncrementCycle>
</Column>
<Column name="diagnostico" id="CB378997-6119-DF28-3F4C-C4F14190C349">
<createdBy>diego</createdBy>
<createdTime>2025-09-14 01:18:45 UTC</createdTime>
<generatorID>D09B8638-1BD5-EE4A-AF28-A760621DEBFC</generatorID>
<ownerDesignName>Exp2_s5_DiegoUlloaU</ownerDesignName>
<useDomainConstraints>false</useDomainConstraints>
<use>1</use>
<logicalDatatype>LOGDT024</logicalDatatype>
<dataTypeSize>250</dataTypeSize>
<ownDataTypeParameters>250,,</ownDataTypeParameters>
<autoIncrementCycle>false</autoIncrementCycle>
</Column>
<Column name="rut_paciente" id="630A506A-1515-EE7B-FFAB-9D1FC2719E85">
<createdBy>diego</createdBy>
<createdTime>2025-09-14 01:18:45 UTC</createdTime>
<generatorID>CF436B20-A4BA-2689-EBBC-8050F9CC86BC</generatorID>
<ownerDesignName>Exp2_s5_DiegoUlloaU</ownerDesignName>
<useDomainConstraints>false</useDomainConstraints>
<use>1</use>
<logicalDatatype>LOGDT024</logicalDatatype>
<dataTypeSize>12</dataTypeSize>
<ownDataTypeParameters>12,,</ownDataTypeParameters>
<autoIncrementCycle>false</autoIncrementCycle>
</Column>
<Column name="rut_medico" id="1BA05DFA-3BCF-B8DC-DF5E-E190DCC368A1">
<createdBy>diego</createdBy>
<createdTime>2025-09-14 01:18:45 UTC</createdTime>
<generatorID>D5CF1F05-5E16-6C94-6577-4C8BB07C00A6</generatorID>
<ownerDesignName>Exp2_s5_DiegoUlloaU</ownerDesignName>
<useDomainConstraints>false</useDomainConstraints>
<use>1</use>
<logicalDatatype>LOGDT024</logicalDatatype>
<dataTypeSize>12</dataTypeSize>
<ownDataTypeParameters>12,,</ownDataTypeParameters>
<autoIncrementCycle>false</autoIncrementCycle>
</Column>
<Column name="PACIENTE_RUT" id="5F9F9D50-8568-DA7F-83C7-F204B3EE34E8">
<createdBy>diego</createdBy>
<createdTime>2025-09-14 01:18:45 UTC</createdTime>
<generatorID>2B1B5402-5DD3-15ED-011D-0A25100CAAE2</generatorID>
<ownerDesignName>Exp2_s5_DiegoUlloaU</ownerDesignName>
<useDomainConstraints>false</useDomainConstraints>
<use>1</use>
<logicalDatatype>LOGDT024</logicalDatatype>
<dataTypeSize>10</dataTypeSize>
<ownDataTypeParameters>,,</ownDataTypeParameters>
<previousColumn>false</previousColumn>
<autoIncrementCycle>false</autoIncrementCycle>
<associations>
<colAssociation fkAssociation="53EFA8AF-52F4-5ABD-6BF3-3F2DAA7404D3" referredColumn="18421ADC-41D3-7228-3502-603965D53A15"/>
</associations>
</Column>
<Column name="MEDICO_rut_medico" id="0BB7E8DB-3D14-620F-0BC3-968CA08C057B">
<createdBy>diego</createdBy>
<createdTime>2025-09-14 01:18:45 UTC</createdTime>
<generatorID>A62E6882-D92C-B5C2-CD4D-59458437CCC7</generatorID>
<ownerDesignName>Exp2_s5_DiegoUlloaU</ownerDesignName>
<useDomainConstraints>false</useDomainConstraints>
<use>1</use>
<logicalDatatype>LOGDT024</logicalDatatype>
<dataTypeSize>12</dataTypeSize>
<ownDataTypeParameters>,,</ownDataTypeParameters>
<previousColumn>false</previousColumn>
<autoIncrementCycle>false</autoIncrementCycle>
<associations>
<colAssociation fkAssociation="B7E8B754-E432-5731-D43E-F2805BD5BFCF" referredColumn="3AB42331-64A0-8385-6484-965B50DB696C"/>
</associations>
</Column>
<Column name="PAGO_ATENCION_id_pago" id="B2F3B493-15D9-2120-3C36-6C64A67C3C06">
<createdBy>diego</createdBy>
<createdTime>2025-09-14 01:18:45 UTC</createdTime>
<generatorID>F8808234-0128-207B-9A40-523D17D599DB</generatorID>
<ownerDesignName>Exp2_s5_DiegoUlloaU</ownerDesignName>
<useDomainConstraints>false</useDomainConstraints>
<use>1</use>
<logicalDatatype>LOGDT019</logicalDatatype>
<dataTypePrecision>10</dataTypePrecision>
<ownDataTypeParameters>,,</ownDataTypeParameters>
<previousColumn>false</previousColumn>
<autoIncrementCycle>false</autoIncrementCycle>
<associations>
<colAssociation fkAssociation="F4A0392E-0C42-0B7C-5DA1-0270AC9C18B5" referredColumn="D4F0A436-A233-245A-A195-954CC8C73E72"/>
</associations>
</Column>
</columns>
<indexes itemClass="oracle.dbtools.crest.model.design.relational.Index">
<ind_PK_UK id="E3D9FA4B-A991-D2F8-C012-965E5E9B724C" name="ATENCION_MEDICA_PK">
<createdBy>diego</createdBy>
<createdTime>2025-09-14 01:18:45 UTC</createdTime>
<generatorID>869EECE8-52D1-1001-C982-219D7B1BD3CD</generatorID>
<ownerDesignName>Exp2_s5_DiegoUlloaU</ownerDesignName>
<pk>true</pk>
<indexState>Primary Constraint</indexState>
<isSurrogateKey>false</isSurrogateKey>
<indexColumnUsage>
<colUsage columnID="2932FE58-ADFA-3CD5-DE41-ABD312383E90"/>
<colUsage columnID="0BB7E8DB-3D14-620F-0BC3-968CA08C057B"/>
</indexColumnUsage>
</ind_PK_UK>
<ind_PK_UK id="A2444113-D60B-21C8-5340-761A1887E9BC" name="ATENCION_MEDICA__IDX">
<createdBy>diego</createdBy>
<createdTime>2025-09-14 01:18:45 UTC</createdTime>
<ownerDesignName>Exp2_s5_DiegoUlloaU</ownerDesignName>
<indexState>Unique Plain Index</indexState>
<isSurrogateKey>false</isSurrogateKey>
<relationGeneratorID>52856655-0F19-B142-5699-078AC1275041</relationGeneratorID>
<indexColumnUsage>
<colUsage columnID="B2F3B493-15D9-2120-3C36-6C64A67C3C06"/>
</indexColumnUsage>
</ind_PK_UK>
<ind_PK_UK id="FE94D110-D85D-219B-3794-2799804F9898" name="ATENCION_MED_PACIENTE_FK">
<createdBy>diego</createdBy>
<createdTime>2025-09-14 01:18:45 UTC</createdTime>
<generatorID>D35320DE-1B5C-29CA-EAA4-251EA70B9CFE</generatorID>
<ownerDesignName>Exp2_s5_DiegoUlloaU</ownerDesignName>
<indexState>Foreign Key</indexState>
<isSurrogateKey>false</isSurrogateKey>
<indexColumnUsage>
<colUsage columnID="5F9F9D50-8568-DA7F-83C7-F204B3EE34E8"/>
</indexColumnUsage>
</ind_PK_UK>
<ind_PK_UK id="453F52C6-8305-66CA-ADBD-8A771B546DA4" name="ATENCION_MED_MEDICO_FK">
<createdBy>diego</createdBy>
<createdTime>2025-09-14 01:18:45 UTC</createdTime>
<generatorID>7106C592-1AFE-8F69-5C05-6F939783CC21</generatorID>
<ownerDesignName>Exp2_s5_DiegoUlloaU</ownerDesignName>
<indexState>Foreign Key</indexState>
<isSurrogateKey>false</isSurrogateKey>
<indexColumnUsage>
<colUsage columnID="0BB7E8DB-3D14-620F-0BC3-968CA08C057B"/>
</indexColumnUsage>
</ind_PK_UK>
<ind_PK_UK id="F82BDE73-20EA-596D-E1A9-5A7CB4BCB081" name="ATEN_MED_PAGO_ATENCION_FK">
<createdBy>diego</createdBy>
<createdTime>2025-09-14 01:18:45 UTC</createdTime>
<generatorID>52856655-0F19-B142-5699-078AC1275041</generatorID>
<ownerDesignName>Exp2_s5_DiegoUlloaU</ownerDesignName>
<indexState>Foreign Key</indexState>
<isSurrogateKey>false</isSurrogateKey>
<indexColumnUsage>
<colUsage columnID="B2F3B493-15D9-2120-3C36-6C64A67C3C06"/>
</indexColumnUsage>
</ind_PK_UK>
</indexes>
</Table>