<?xml version = '1.0' encoding = 'UTF-8'?>
<Entity class="oracle.dbtools.crest.model.design.logical.Entity" directorySegmentName="seg_0" id="318247C7-03C8-D991-397F-4E9344B8D78B" name="ATENCION_MEDICA">
<createdBy>diego</createdBy>
<createdTime>2025-09-14 00:24:45 UTC</createdTime>
<ownerDesignName>Exp2_s5_DiegoUlloaU</ownerDesignName>
<engineerTo>
<item key="27D00ABE-7C5A-FAEB-731B-89AA13451423" value="true"/>
</engineerTo>
<adequatelyNormalized>NO</adequatelyNormalized>
<expectedVolumes>0</expectedVolumes>
<fwdEngineeringStrategyName>Single Table</fwdEngineeringStrategyName>
<growthPercent>0</growthPercent>
<growthType>Year</growthType>
<maxVolumes>9999999</maxVolumes>
<minVolumes>0</minVolumes>
<normalForm>Third</normalForm>
<attributes itemClass="oracle.dbtools.crest.model.design.logical.Attribute">
<Attribute name="id_atencion" id="FD73617B-9D3D-42CB-1447-C126B98A4D6E">
<createdBy>diego</createdBy>
<createdTime>2025-09-14 00:25:04 UTC</createdTime>
<ownerDesignName>Exp2_s5_DiegoUlloaU</ownerDesignName>
<engineerTo>
<item key="27D00ABE-7C5A-FAEB-731B-89AA13451423" value="true"/>
</engineerTo>
<useDomainConstraints>false</useDomainConstraints>
<use>1</use>
<logicalDatatype>LOGDT019</logicalDatatype>
<dataTypePrecision>10</dataTypePrecision>
<ownDataTypeParameters>,10,</ownDataTypeParameters>
</Attribute>
<Attribute name="fecha_atencion" id="0ACF23B6-B67B-B645-DFE6-1472294EF2ED">
<createdBy>diego</createdBy>
<createdTime>2025-09-14 00:27:09 UTC</createdTime>
<ownerDesignName>Exp2_s5_DiegoUlloaU</ownerDesignName>
<engineerTo>
<item key="27D00ABE-7C5A-FAEB-731B-89AA13451423" value="true"/>
</engineerTo>
<useDomainConstraints>false</useDomainConstraints>
<use>1</use>
<logicalDatatype>LOGDT007</logicalDatatype>
<ownDataTypeParameters>,,</ownDataTypeParameters>
</Attribute>
<Attribute name="hora_atencion" id="3A5F42CE-C0FA-E1C8-FA03-B44C9E83EA9A">
<createdBy>diego</createdBy>
<createdTime>2025-09-14 00:27:33 UTC</createdTime>
<ownerDesignName>Exp2_s5_DiegoUlloaU</ownerDesignName>
<engineerTo>
<item key="27D00ABE-7C5A-FAEB-731B-89AA13451423" value="true"/>
</engineerTo>
<useDomainConstraints>false</useDomainConstraints>
<use>1</use>
<logicalDatatype>LOGDT024</logicalDatatype>
<dataTypeSize>5</dataTypeSize>
<ownDataTypeParameters>5,,</ownDataTypeParameters>
</Attribute>
<Attribute name="tipo_atencion" id="11B9BB20-34D7-BD09-302D-382EC4A5AE48">
<createdBy>diego</createdBy>
<createdTime>2025-09-14 00:28:06 UTC</createdTime>
<ownerDesignName>Exp2_s5_DiegoUlloaU</ownerDesignName>
<engineerTo>
<item key="27D00ABE-7C5A-FAEB-731B-89AA13451423" value="true"/>
</engineerTo>
<useDomainConstraints>false</useDomainConstraints>
<use>1</use>
<logicalDatatype>LOGDT024</logicalDatatype>
<dataTypeSize>20</dataTypeSize>
<ownDataTypeParameters>20,,</ownDataTypeParameters>
</Attribute>
<Attribute name="diagnostico" id="D09B8638-1BD5-EE4A-AF28-A760621DEBFC">
<createdBy>diego</createdBy>
<createdTime>2025-09-14 00:29:02 UTC</createdTime>
<ownerDesignName>Exp2_s5_DiegoUlloaU</ownerDesignName>
<engineerTo>
<item key="27D00ABE-7C5A-FAEB-731B-89AA13451423" value="true"/>
</engineerTo>
<useDomainConstraints>false</useDomainConstraints>
<use>1</use>
<logicalDatatype>LOGDT024</logicalDatatype>
<dataTypeSize>250</dataTypeSize>
<ownDataTypeParameters>250,,</ownDataTypeParameters>
</Attribute>
<Attribute name="rut_paciente" id="CF436B20-A4BA-2689-EBBC-8050F9CC86BC">
<createdBy>diego</createdBy>
<createdTime>2025-09-14 00:29:41 UTC</createdTime>
<ownerDesignName>Exp2_s5_DiegoUlloaU</ownerDesignName>
<engineerTo>
<item key="27D00ABE-7C5A-FAEB-731B-89AA13451423" value="true"/>
</engineerTo>
<useDomainConstraints>false</useDomainConstraints>
<use>1</use>
<logicalDatatype>LOGDT024</logicalDatatype>
<dataTypeSize>12</dataTypeSize>
<ownDataTypeParameters>12,,</ownDataTypeParameters>
</Attribute>
<Attribute name="rut_medico" id="D5CF1F05-5E16-6C94-6577-4C8BB07C00A6">
<createdBy>diego</createdBy>
<createdTime>2025-09-14 00:30:03 UTC</createdTime>
<ownerDesignName>Exp2_s5_DiegoUlloaU</ownerDesignName>
<engineerTo>
<item key="27D00ABE-7C5A-FAEB-731B-89AA13451423" value="true"/>
</engineerTo>
<useDomainConstraints>false</useDomainConstraints>
<use>1</use>
<logicalDatatype>LOGDT024</logicalDatatype>
<dataTypeSize>12</dataTypeSize>
<ownDataTypeParameters>12,,</ownDataTypeParameters>
</Attribute>
<Attribute name="RUT" id="2B1B5402-5DD3-15ED-011D-0A25100CAAE2">
<createdBy>diego</createdBy>
<createdTime>2025-09-14 00:58:33 UTC</createdTime>
<generatorID>D35320DE-1B5C-29CA-EAA4-251EA70B9CFE</generatorID>
<ownerDesignName>Exp2_s5_DiegoUlloaU</ownerDesignName>
<engineerTo>
<item key="27D00ABE-7C5A-FAEB-731B-89AA13451423" value="true"/>
</engineerTo>
<referedAttribute>47F70D2B-6C7E-5244-6715-3C625DAF03E3</referedAttribute>
<useDomainConstraints>false</useDomainConstraints>
<use>1</use>
<logicalDatatype>LOGDT024</logicalDatatype>
<dataTypeSize>10</dataTypeSize>
<ownDataTypeParameters>,,</ownDataTypeParameters>
</Attribute>
<Attribute name="rut_medico1" id="A62E6882-D92C-B5C2-CD4D-59458437CCC7">
<createdBy>diego</createdBy>
<createdTime>2025-09-14 00:59:00 UTC</createdTime>
<generatorID>7106C592-1AFE-8F69-5C05-6F939783CC21</generatorID>
<ownerDesignName>Exp2_s5_DiegoUlloaU</ownerDesignName>
<engineerTo>
<item key="27D00ABE-7C5A-FAEB-731B-89AA13451423" value="true"/>
</engineerTo>
<referedAttribute>C121459B-5A64-D747-D6F6-A26319E148E0</referedAttribute>
<useDomainConstraints>false</useDomainConstraints>
<use>1</use>
<logicalDatatype>LOGDT024</logicalDatatype>
<dataTypeSize>12</dataTypeSize>
<ownDataTypeParameters>,,</ownDataTypeParameters>
</Attribute>
<Attribute name="id_pago" id="F8808234-0128-207B-9A40-523D17D599DB">
<createdBy>diego</createdBy>
<createdTime>2025-09-14 01:11:51 UTC</createdTime>
<generatorID>52856655-0F19-B142-5699-078AC1275041</generatorID>
<ownerDesignName>Exp2_s5_DiegoUlloaU</ownerDesignName>
<engineerTo>
<item key="27D00ABE-7C5A-FAEB-731B-89AA13451423" value="true"/>
</engineerTo>
<referedAttribute>54AF73EA-81B1-9526-A14A-4B10138C8CEB</referedAttribute>
<useDomainConstraints>false</useDomainConstraints>
<use>1</use>
<logicalDatatype>LOGDT019</logicalDatatype>
<dataTypePrecision>10</dataTypePrecision>
<ownDataTypeParameters>,,</ownDataTypeParameters>
</Attribute>
</attributes>
<identifiers itemClass="oracle.dbtools.crest.model.design.logical.CandidateKey">
<identifier id="869EECE8-52D1-1001-C982-219D7B1BD3CD" name="ATENCION_MEDICA PK">
<createdBy>diego</createdBy>
<createdTime>2025-09-14 00:27:03 UTC</createdTime>
<ownerDesignName>Exp2_s5_DiegoUlloaU</ownerDesignName>
<engineerTo>
<item key="27D00ABE-7C5A-FAEB-731B-89AA13451423" value="true"/>
</engineerTo>
<pk>true</pk>
<usedAttributes>
<attributeRef>FD73617B-9D3D-42CB-1447-C126B98A4D6E</attributeRef>
<attributeRef>A62E6882-D92C-B5C2-CD4D-59458437CCC7</attributeRef>
</usedAttributes>
</identifier>
</identifiers>
</Entity>