<?xml version = '1.0' encoding = 'UTF-8'?>
<Entity class="oracle.dbtools.crest.model.design.logical.Entity" directorySegmentName="seg_0" id="387F4A5B-3A31-7D48-A37F-177A5AD25228" name="MEDICO">
<createdBy>diego</createdBy>
<createdTime>2025-09-14 00:20:22 UTC</createdTime>
<ownerDesignName>Exp2_s5_DiegoUlloaU</ownerDesignName>
<engineerTo>
<item key="27D00ABE-7C5A-FAEB-731B-89AA13451423" value="true"/>
</engineerTo>
<adequatelyNormalized>NO</adequatelyNormalized>
<expectedVolumes>0</expectedVolumes>
<fwdEngineeringStrategyName>Single Table</fwdEngineeringStrategyName>
<growthPercent>0</growthPercent>
<growthType>Year</growthType>
<maxVolumes>9999999</maxVolumes>
<minVolumes>0</minVolumes>
<normalForm>Third</normalForm>
<attributes itemClass="oracle.dbtools.crest.model.design.logical.Attribute">
<Attribute name="rut_medico" id="C121459B-5A64-D747-D6F6-A26319E148E0">
<createdBy>diego</createdBy>
<createdTime>2025-09-14 00:20:32 UTC</createdTime>
<ownerDesignName>Exp2_s5_DiegoUlloaU</ownerDesignName>
<engineerTo>
<item key="27D00ABE-7C5A-FAEB-731B-89AA13451423" value="true"/>
</engineerTo>
<useDomainConstraints>false</useDomainConstraints>
<use>1</use>
<logicalDatatype>LOGDT024</logicalDatatype>
<dataTypeSize>12</dataTypeSize>
<ownDataTypeParameters>12,,</ownDataTypeParameters>
</Attribute>
<Attribute name="nombre_completo" id="23755B6E-3BB0-0229-2C16-38E003113522">
<createdBy>diego</createdBy>
<createdTime>2025-09-14 00:20:56 UTC</createdTime>
<ownerDesignName>Exp2_s5_DiegoUlloaU</ownerDesignName>
<engineerTo>
<item key="27D00ABE-7C5A-FAEB-731B-89AA13451423" value="true"/>
</engineerTo>
<useDomainConstraints>false</useDomainConstraints>
<use>1</use>
<logicalDatatype>LOGDT024</logicalDatatype>
<dataTypeSize>100</dataTypeSize>
<ownDataTypeParameters>100,,</ownDataTypeParameters>
</Attribute>
<Attribute name="fecha_ingreso" id="7A57600E-A270-F5F2-81E9-40B9073E7EC0">
<createdBy>diego</createdBy>
<createdTime>2025-09-14 00:22:02 UTC</createdTime>
<ownerDesignName>Exp2_s5_DiegoUlloaU</ownerDesignName>
<engineerTo>
<item key="27D00ABE-7C5A-FAEB-731B-89AA13451423" value="true"/>
</engineerTo>
<useDomainConstraints>false</useDomainConstraints>
<use>1</use>
<logicalDatatype>LOGDT007</logicalDatatype>
<ownDataTypeParameters>,,</ownDataTypeParameters>
</Attribute>
<Attribute name="id_especialidad" id="BDB6FDCC-2D32-B67A-E207-C5A4212D4571">
<createdBy>diego</createdBy>
<createdTime>2025-09-14 00:22:24 UTC</createdTime>
<ownerDesignName>Exp2_s5_DiegoUlloaU</ownerDesignName>
<engineerTo>
<item key="27D00ABE-7C5A-FAEB-731B-89AA13451423" value="true"/>
</engineerTo>
<useDomainConstraints>false</useDomainConstraints>
<use>1</use>
<logicalDatatype>LOGDT019</logicalDatatype>
<dataTypePrecision>6</dataTypePrecision>
<ownDataTypeParameters>,6,</ownDataTypeParameters>
</Attribute>
<Attribute name="id_afp" id="4AEFCC2C-E4AE-A2AD-C6F4-219BCC54949A">
<createdBy>diego</createdBy>
<createdTime>2025-09-14 00:22:56 UTC</createdTime>
<ownerDesignName>Exp2_s5_DiegoUlloaU</ownerDesignName>
<engineerTo>
<item key="27D00ABE-7C5A-FAEB-731B-89AA13451423" value="true"/>
</engineerTo>
<useDomainConstraints>false</useDomainConstraints>
<use>1</use>
<logicalDatatype>LOGDT019</logicalDatatype>
<dataTypePrecision>6</dataTypePrecision>
<ownDataTypeParameters>,6,</ownDataTypeParameters>
</Attribute>
<Attribute name="id_institucion_salud" id="09181890-B8E4-A152-3FE3-3A26A0587952">
<createdBy>diego</createdBy>
<createdTime>2025-09-14 00:23:25 UTC</createdTime>
<ownerDesignName>Exp2_s5_DiegoUlloaU</ownerDesignName>
<engineerTo>
<item key="27D00ABE-7C5A-FAEB-731B-89AA13451423" value="true"/>
</engineerTo>
<useDomainConstraints>false</useDomainConstraints>
<use>1</use>
<logicalDatatype>LOGDT019</logicalDatatype>
<dataTypePrecision>6</dataTypePrecision>
<ownDataTypeParameters>,6,</ownDataTypeParameters>
</Attribute>
<Attribute name="rut_supervisor" id="3985399A-3C1A-BF9A-BCD4-0728B8F91BAA">
<createdBy>diego</createdBy>
<createdTime>2025-09-14 00:24:00 UTC</createdTime>
<ownerDesignName>Exp2_s5_DiegoUlloaU</ownerDesignName>
<engineerTo>
<item key="27D00ABE-7C5A-FAEB-731B-89AA13451423" value="true"/>
</engineerTo>
<useDomainConstraints>false</useDomainConstraints>
<use>1</use>
<logicalDatatype>LOGDT024</logicalDatatype>
<dataTypeSize>12</dataTypeSize>
<ownDataTypeParameters>12,,</ownDataTypeParameters>
</Attribute>
<Attribute name="id_especialidad1" id="9E72DA85-A19C-CE2A-239B-2E57E2FF28F8">
<createdBy>diego</createdBy>
<createdTime>2025-09-14 01:00:16 UTC</createdTime>
<generatorID>EC8ACFF4-F157-62CB-2452-5DB427593EA4</generatorID>
<ownerDesignName>Exp2_s5_DiegoUlloaU</ownerDesignName>
<engineerTo>
<item key="27D00ABE-7C5A-FAEB-731B-89AA13451423" value="true"/>
</engineerTo>
<referedAttribute>D1A91183-29BC-5D68-7B86-69C4B6B4E781</referedAttribute>
<useDomainConstraints>false</useDomainConstraints>
<use>1</use>
<logicalDatatype>LOGDT019</logicalDatatype>
<dataTypePrecision>6</dataTypePrecision>
<ownDataTypeParameters>,,</ownDataTypeParameters>
</Attribute>
<Attribute name="id_institucion_salud1" id="6D516C38-D393-B8D2-B1E3-E6F813BB7054">
<createdBy>diego</createdBy>
<createdTime>2025-09-14 01:01:19 UTC</createdTime>
<generatorID>A416BC51-2D36-B372-544B-489C48E89855</generatorID>
<ownerDesignName>Exp2_s5_DiegoUlloaU</ownerDesignName>
<engineerTo>
<item key="27D00ABE-7C5A-FAEB-731B-89AA13451423" value="true"/>
</engineerTo>
<referedAttribute>3346556D-2C2E-0A47-F342-B4B04815D426</referedAttribute>
<useDomainConstraints>false</useDomainConstraints>
<use>1</use>
<logicalDatatype>LOGDT019</logicalDatatype>
<dataTypePrecision>6</dataTypePrecision>
<ownDataTypeParameters>,,</ownDataTypeParameters>
</Attribute>
<Attribute name="id_afp1" id="68304748-FF80-F895-0711-F769E43EC371">
<createdBy>diego</createdBy>
<createdTime>2025-09-14 01:10:14 UTC</createdTime>
<generatorID>AB629F5E-E1F4-F0A4-5957-805715084403</generatorID>
<ownerDesignName>Exp2_s5_DiegoUlloaU</ownerDesignName>
<engineerTo>
<item key="27D00ABE-7C5A-FAEB-731B-89AA13451423" value="true"/>
</engineerTo>
<referedAttribute>09299615-33DF-31E5-A04B-9F776078BF78</referedAttribute>
<useDomainConstraints>false</useDomainConstraints>
<use>1</use>
<logicalDatatype>LOGDT019</logicalDatatype>
<dataTypePrecision>6</dataTypePrecision>
<ownDataTypeParameters>,,</ownDataTypeParameters>
</Attribute>
<Attribute name="rut_medico1" id="CD40EDE1-64DE-A2AD-1191-5E4A96D0815F">
<createdBy>diego</createdBy>
<createdTime>2025-09-14 01:12:40 UTC</createdTime>
<generatorID>6E68E9D4-B739-79A7-44A3-B8B890AF20FC</generatorID>
<ownerDesignName>Exp2_s5_DiegoUlloaU</ownerDesignName>
<engineerTo>
<item key="27D00ABE-7C5A-FAEB-731B-89AA13451423" value="true"/>
</engineerTo>
<referedAttribute>C121459B-5A64-D747-D6F6-A26319E148E0</referedAttribute>
<useDomainConstraints>false</useDomainConstraints>
<use>1</use>
<logicalDatatype>LOGDT024</logicalDatatype>
<dataTypeSize>12</dataTypeSize>
<ownDataTypeParameters>,,</ownDataTypeParameters>
</Attribute>
</attributes>
<identifiers itemClass="oracle.dbtools.crest.model.design.logical.CandidateKey">
<identifier id="BE809617-9972-DF31-2E92-B305E4BE7540" name="MEDICO PK">
<createdBy>diego</createdBy>
<createdTime>2025-09-14 00:20:53 UTC</createdTime>
<ownerDesignName>Exp2_s5_DiegoUlloaU</ownerDesignName>
<engineerTo>
<item key="27D00ABE-7C5A-FAEB-731B-89AA13451423" value="true"/>
</engineerTo>
<pk>true</pk>
<usedAttributes>
<attributeRef>C121459B-5A64-D747-D6F6-A26319E148E0</attributeRef>
</usedAttributes>
</identifier>
</identifiers>
</Entity>