<?xml version = '1.0' encoding = 'UTF-8'?>
<Entity class="oracle.dbtools.crest.model.design.logical.Entity" directorySegmentName="seg_0" id="9A8532D3-20CC-9A61-F321-28380ADF2110" name="ESPECIALIDAD">
<createdBy>diego</createdBy>
<createdTime>2025-09-14 00:32:56 UTC</createdTime>
<ownerDesignName>Exp2_s5_DiegoUlloaU</ownerDesignName>
<engineerTo>
<item key="27D00ABE-7C5A-FAEB-731B-89AA13451423" value="true"/>
</engineerTo>
<adequatelyNormalized>NO</adequatelyNormalized>
<expectedVolumes>0</expectedVolumes>
<fwdEngineeringStrategyName>Single Table</fwdEngineeringStrategyName>
<growthPercent>0</growthPercent>
<growthType>Year</growthType>
<maxVolumes>9999999</maxVolumes>
<minVolumes>0</minVolumes>
<normalForm>Third</normalForm>
<attributes itemClass="oracle.dbtools.crest.model.design.logical.Attribute">
<Attribute name="id_especialidad" id="D1A91183-29BC-5D68-7B86-69C4B6B4E781">
<createdBy>diego</createdBy>
<createdTime>2025-09-14 00:33:03 UTC</createdTime>
<ownerDesignName>Exp2_s5_DiegoUlloaU</ownerDesignName>
<engineerTo>
<item key="27D00ABE-7C5A-FAEB-731B-89AA13451423" value="true"/>
</engineerTo>
<useDomainConstraints>false</useDomainConstraints>
<use>1</use>
<logicalDatatype>LOGDT019</logicalDatatype>
<dataTypePrecision>6</dataTypePrecision>
<ownDataTypeParameters>,6,</ownDataTypeParameters>
</Attribute>
<Attribute name="nombre_especialidad" id="F0B4AD45-0523-A365-E406-352E4650E161">
<createdBy>diego</createdBy>
<createdTime>2025-09-14 00:33:25 UTC</createdTime>
<ownerDesignName>Exp2_s5_DiegoUlloaU</ownerDesignName>
<engineerTo>
<item key="27D00ABE-7C5A-FAEB-731B-89AA13451423" value="true"/>
</engineerTo>
<useDomainConstraints>false</useDomainConstraints>
<use>1</use>
<logicalDatatype>LOGDT024</logicalDatatype>
<dataTypeSize>50</dataTypeSize>
<ownDataTypeParameters>50,,</ownDataTypeParameters>
</Attribute>
</attributes>
<identifiers itemClass="oracle.dbtools.crest.model.design.logical.CandidateKey">
<identifier id="22DAD6C8-B7C2-E222-AA1B-15E5AA423C15" name="ESPECIALIDAD PK">
<createdBy>diego</createdBy>
<createdTime>2025-09-14 00:33:22 UTC</createdTime>
<ownerDesignName>Exp2_s5_DiegoUlloaU</ownerDesignName>
<engineerTo>
<item key="27D00ABE-7C5A-FAEB-731B-89AA13451423" value="true"/>
</engineerTo>
<pk>true</pk>
<usedAttributes>
<attributeRef>D1A91183-29BC-5D68-7B86-69C4B6B4E781</attributeRef>
</usedAttributes>
</identifier>
</identifiers>
</Entity>