<?xml version = '1.0' encoding = 'UTF-8'?>
<Entity class="oracle.dbtools.crest.model.design.logical.Entity" directorySegmentName="seg_0" id="D29161DC-15D1-ABFB-5AF0-A50F4E995536" name="SOLICITUD_EXAMEN">
<createdBy>diego</createdBy>
<createdTime>2025-09-14 00:50:58 UTC</createdTime>
<ownerDesignName>Exp2_s5_DiegoUlloaU</ownerDesignName>
<engineerTo>
<item key="27D00ABE-7C5A-FAEB-731B-89AA13451423" value="true"/>
</engineerTo>
<adequatelyNormalized>NO</adequatelyNormalized>
<expectedVolumes>0</expectedVolumes>
<fwdEngineeringStrategyName>Single Table</fwdEngineeringStrategyName>
<growthPercent>0</growthPercent>
<growthType>Year</growthType>
<maxVolumes>9999999</maxVolumes>
<minVolumes>0</minVolumes>
<normalForm>Third</normalForm>
<attributes itemClass="oracle.dbtools.crest.model.design.logical.Attribute">
<Attribute name="id_atencion" id="613E1E1E-1231-4E28-08B9-28A3C7F0467C">
<createdBy>diego</createdBy>
<createdTime>2025-09-14 00:51:19 UTC</createdTime>
<ownerDesignName>Exp2_s5_DiegoUlloaU</ownerDesignName>
<engineerTo>
<item key="27D00ABE-7C5A-FAEB-731B-89AA13451423" value="true"/>
</engineerTo>
<useDomainConstraints>false</useDomainConstraints>
<use>1</use>
<logicalDatatype>LOGDT019</logicalDatatype>
<dataTypePrecision>10</dataTypePrecision>
<ownDataTypeParameters>,10,</ownDataTypeParameters>
</Attribute>
<Attribute name="id_examen" id="83B0E5EE-FB3E-CF14-1E64-196375B4C768">
<createdBy>diego</createdBy>
<createdTime>2025-09-14 00:51:49 UTC</createdTime>
<ownerDesignName>Exp2_s5_DiegoUlloaU</ownerDesignName>
<engineerTo>
<item key="27D00ABE-7C5A-FAEB-731B-89AA13451423" value="true"/>
</engineerTo>
<useDomainConstraints>false</useDomainConstraints>
<use>1</use>
<logicalDatatype>LOGDT019</logicalDatatype>
<dataTypePrecision>6</dataTypePrecision>
<ownDataTypeParameters>,6,</ownDataTypeParameters>
</Attribute>
<Attribute name="fecha_solicitud" id="3E2E1A96-B264-5304-CB54-E1F7798BD916">
<createdBy>diego</createdBy>
<createdTime>2025-09-14 00:52:11 UTC</createdTime>
<ownerDesignName>Exp2_s5_DiegoUlloaU</ownerDesignName>
<engineerTo>
<item key="27D00ABE-7C5A-FAEB-731B-89AA13451423" value="true"/>
</engineerTo>
<useDomainConstraints>false</useDomainConstraints>
<use>1</use>
<logicalDatatype>LOGDT007</logicalDatatype>
<ownDataTypeParameters>,,</ownDataTypeParameters>
</Attribute>
<Attribute name="resultado" id="5E7C4219-D169-8E95-550B-F36008DA9415">
<createdBy>diego</createdBy>
<createdTime>2025-09-14 00:52:30 UTC</createdTime>
<ownerDesignName>Exp2_s5_DiegoUlloaU</ownerDesignName>
<engineerTo>
<item key="27D00ABE-7C5A-FAEB-731B-89AA13451423" value="true"/>
</engineerTo>
<useDomainConstraints>false</useDomainConstraints>
<use>1</use>
<logicalDatatype>LOGDT024</logicalDatatype>
<dataTypeSize>255</dataTypeSize>
<ownDataTypeParameters>255,,</ownDataTypeParameters>
</Attribute>
<Attribute name="id_examen1" id="67FE2760-ED19-E029-6BB2-D5EECFCC1A1E">
<createdBy>diego</createdBy>
<createdTime>2025-09-14 01:02:58 UTC</createdTime>
<generatorID>5013DA3C-C5E7-F5E8-EB0C-6CA87F0ECED1</generatorID>
<ownerDesignName>Exp2_s5_DiegoUlloaU</ownerDesignName>
<engineerTo>
<item key="27D00ABE-7C5A-FAEB-731B-89AA13451423" value="true"/>
</engineerTo>
<referedAttribute>2FF355A5-C32F-CA18-CE1E-F47A62F50B6A</referedAttribute>
<useDomainConstraints>false</useDomainConstraints>
<use>1</use>
<logicalDatatype>LOGDT019</logicalDatatype>
<dataTypePrecision>6</dataTypePrecision>
<ownDataTypeParameters>,,</ownDataTypeParameters>
</Attribute>
<Attribute name="id_atencion1" id="24A7467E-4269-A994-5C22-D34332072565">
<createdBy>diego</createdBy>
<createdTime>2025-09-14 01:08:00 UTC</createdTime>
<generatorID>A4750A91-F9F4-D6EC-B65E-25624432E19A</generatorID>
<ownerDesignName>Exp2_s5_DiegoUlloaU</ownerDesignName>
<engineerTo>
<item key="27D00ABE-7C5A-FAEB-731B-89AA13451423" value="true"/>
</engineerTo>
<referedAttribute>FD73617B-9D3D-42CB-1447-C126B98A4D6E</referedAttribute>
<useDomainConstraints>false</useDomainConstraints>
<use>1</use>
<logicalDatatype>LOGDT019</logicalDatatype>
<dataTypePrecision>10</dataTypePrecision>
<ownDataTypeParameters>,,</ownDataTypeParameters>
</Attribute>
<Attribute name="rut_medico1" id="52E00C9B-D7B2-C772-70B4-A4B1869A4782">
<createdBy>diego</createdBy>
<createdTime>2025-09-14 01:08:00 UTC</createdTime>
<generatorID>A4750A91-F9F4-D6EC-B65E-25624432E19A</generatorID>
<ownerDesignName>Exp2_s5_DiegoUlloaU</ownerDesignName>
<engineerTo>
<item key="27D00ABE-7C5A-FAEB-731B-89AA13451423" value="true"/>
</engineerTo>
<referedAttribute>A62E6882-D92C-B5C2-CD4D-59458437CCC7</referedAttribute>
<useDomainConstraints>false</useDomainConstraints>
<use>1</use>
<logicalDatatype>LOGDT024</logicalDatatype>
<dataTypeSize>12</dataTypeSize>
<ownDataTypeParameters>,,</ownDataTypeParameters>
</Attribute>
</attributes>
<identifiers itemClass="oracle.dbtools.crest.model.design.logical.CandidateKey">
<identifier id="BCD53CBE-6C1C-FECD-B453-826905FA184D" name="SOLICITUD_EXAMEN PK">
<createdBy>diego</createdBy>
<createdTime>2025-09-14 00:51:44 UTC</createdTime>
<ownerDesignName>Exp2_s5_DiegoUlloaU</ownerDesignName>
<engineerTo>
<item key="27D00ABE-7C5A-FAEB-731B-89AA13451423" value="true"/>
</engineerTo>
<pk>true</pk>
<usedAttributes>
<attributeRef>613E1E1E-1231-4E28-08B9-28A3C7F0467C</attributeRef>
<attributeRef>83B0E5EE-FB3E-CF14-1E64-196375B4C768</attributeRef>
</usedAttributes>
</identifier>
</identifiers>
</Entity>